"Family_A","Family_B","p_adjusted","Significant"
"HCV IRES","G-Quadruplex",0.000391,"Yes"
"HIV TAR","G-Quadruplex",0,"Yes"
"miRNA","G-Quadruplex",0.267126,"No"
"mRNA","G-Quadruplex",0.687539,"No"
"Other","G-Quadruplex",5.5e-05,"Yes"
"Repeat RNA","G-Quadruplex",0,"Yes"
"Riboswitch","G-Quadruplex",0,"Yes"
"Ribozyme","G-Quadruplex",0.08792,"No"
"tRNA","G-Quadruplex",0.000372,"Yes"
"Viral RNA","G-Quadruplex",1.3e-05,"Yes"
"HIV TAR","HCV IRES",0.206513,"No"
"miRNA","HCV IRES",0.084738,"No"
"mRNA","HCV IRES",0.000546,"Yes"
"Other","HCV IRES",0.277645,"No"
"Repeat RNA","HCV IRES",0.844835,"No"
"Riboswitch","HCV IRES",0.113052,"No"
"Ribozyme","HCV IRES",0.158232,"No"
"tRNA","HCV IRES",0.918688,"No"
"Viral RNA","HCV IRES",0.02678,"Yes"
"miRNA","HIV TAR",0.002775,"Yes"
"mRNA","HIV TAR",0,"Yes"
"Other","HIV TAR",0.00025,"Yes"
"Repeat RNA","HIV TAR",0.226256,"No"
"Riboswitch","HIV TAR",0.44938,"No"
"Ribozyme","HIV TAR",0.000396,"Yes"
"tRNA","HIV TAR",0.30913,"No"
"Viral RNA","HIV TAR",0.017553,"Yes"
"mRNA","miRNA",0.573077,"No"
"Other","miRNA",0.277645,"No"
"Repeat RNA","miRNA",0.059366,"No"
"Riboswitch","miRNA",0.003596,"Yes"
"Ribozyme","miRNA",0.682131,"No"
"tRNA","miRNA",0.105378,"No"
"Viral RNA","miRNA",0.001866,"Yes"
"Other","mRNA",0.001576,"Yes"
"Repeat RNA","mRNA",1.6e-05,"Yes"
"Riboswitch","mRNA",0,"Yes"
"Ribozyme","mRNA",0.064144,"No"
"tRNA","mRNA",0.000372,"Yes"
"Viral RNA","mRNA",1.2e-05,"Yes"
"Repeat RNA","Other",0.030412,"Yes"
"Riboswitch","Other",0.000372,"Yes"
"Ribozyme","Other",0.562872,"No"
"tRNA","Other",0.243704,"No"
"Viral RNA","Other",0.00439,"Yes"
"Riboswitch","Repeat RNA",0.059366,"No"
"Ribozyme","Repeat RNA",0.089323,"No"
"tRNA","Repeat RNA",0.925962,"No"
"Viral RNA","Repeat RNA",0.059366,"No"
"Ribozyme","Riboswitch",0.00919,"Yes"
"tRNA","Riboswitch",0.199095,"No"
"Viral RNA","Riboswitch",0.469885,"No"
"tRNA","Ribozyme",0.084738,"No"
"Viral RNA","Ribozyme",0.000372,"Yes"
"Viral RNA","tRNA",0.015221,"Yes"
