"Target_Family","LogP","MolMR","TPSA","HBA","HBD","RotatableBonds","RingCount","NumAromaticRings","NumAliphaticRings","FractionCSP3","LipinskiViolations","AromaticRingFraction","FlexibilityIndex","HeteroatomFraction","TPSA_per_MW"
"Riboswitch",3.163,108.916,78.95,4,0,4,4,2,2,0.273,0,0.5,0.137931034482759,0.241379310344828,0.201698405317991
"Other",3.163,108.916,78.95,4,0,4,4,2,2,0.273,0,0.5,0.137931034482759,0.241379310344828,0.201698405317991
"Riboswitch",1.293,106.125,88,6,3,5,4,3,1,0.368,0,0.75,0.185185185185185,0.296296296296296,0.229464851460622
"Riboswitch",1.293,106.125,88,6,3,5,4,3,1,0.368,0,0.75,0.185185185185185,0.296296296296296,0.229464851460622
"Other",1.293,106.125,88,6,3,5,4,3,1,0.368,0,0.75,0.185185185185185,0.296296296296296,0.229464851460622
"Riboswitch",2.854,114.577,92.59,7,1,5,5,4,1,0.286,0,0.8,0.166666666666667,0.3,0.220707771373542
"Riboswitch",2.854,114.577,92.59,7,1,5,5,4,1,0.286,0,0.8,0.166666666666667,0.3,0.220707771373542
"Riboswitch",2.854,114.577,92.59,7,1,5,5,4,1,0.286,0,0.8,0.166666666666667,0.3,0.220707771373542
"Riboswitch",2.854,114.577,92.59,7,1,5,5,4,1,0.286,0,0.8,0.166666666666667,0.3,0.220707771373542
"Other",2.854,114.577,92.59,7,1,5,5,4,1,0.286,0,0.8,0.166666666666667,0.3,0.220707771373542
"Riboswitch",-2.337,104.18,163.11,9,4,6,3,1,2,0.444,0,0.333333333333333,0.206896551724138,0.379310344827586,0.403335286830216
"Riboswitch",-2.337,104.18,163.11,9,4,6,3,1,2,0.444,0,0.333333333333333,0.206896551724138,0.379310344827586,0.403335286830216
"Riboswitch",-2.337,104.18,163.11,9,4,6,3,1,2,0.444,0,0.333333333333333,0.206896551724138,0.379310344827586,0.403335286830216
"Riboswitch",-2.337,104.18,163.11,9,4,6,3,1,2,0.444,0,0.333333333333333,0.206896551724138,0.379310344827586,0.403335286830216
"Riboswitch",-2.337,104.18,163.11,9,4,6,3,1,2,0.444,0,0.333333333333333,0.206896551724138,0.379310344827586,0.403335286830216
"Riboswitch",-2.337,104.18,163.11,9,4,6,3,1,2,0.444,0,0.333333333333333,0.206896551724138,0.379310344827586,0.403335286830216
"Other",-2.337,104.18,163.11,9,4,6,3,1,2,0.444,0,0.333333333333333,0.206896551724138,0.379310344827586,0.403335286830216
"Other",-2.337,104.18,163.11,9,4,6,3,1,2,0.444,0,0.333333333333333,0.206896551724138,0.379310344827586,0.403335286830216
"Riboswitch",-0.483,40.508,106.5,5,3,0,2,2,0,0,0,1,0,0.545454545454545,0.709314329481501
"Riboswitch",-0.483,40.508,106.5,5,3,0,2,2,0,0,0,1,0,0.545454545454545,0.709314329481501
"Riboswitch",-0.483,40.508,106.5,5,3,0,2,2,0,0,0,1,0,0.545454545454545,0.709314329481501
"Riboswitch",-0.483,40.508,106.5,5,3,0,2,2,0,0,0,1,0,0.545454545454545,0.709314329481501
"Riboswitch",-0.483,40.508,106.5,5,3,0,2,2,0,0,0,1,0,0.545454545454545,0.709314329481501
"Riboswitch",-0.483,40.508,106.5,5,3,0,2,2,0,0,0,1,0,0.545454545454545,0.709314329481501
"Riboswitch",-0.483,40.508,106.5,5,3,0,2,2,0,0,0,1,0,0.545454545454545,0.709314329481501
"Other",-0.483,40.508,106.5,5,3,0,2,2,0,0,0,1,0,0.545454545454545,0.709314329481501
"Riboswitch",0.546,72.447,75.91,4,2,4,2,2,0,0.357,0,1,0.210526315789474,0.263157894736842,0.292712458499304
"Other",0.546,72.447,75.91,4,2,4,2,2,0,0.357,0,1,0.210526315789474,0.263157894736842,0.292712458499304
"Riboswitch",-1.823,41.699,119.09,4,3,0,2,1,1,0,0,0.5,0,0.583333333333333,0.716787846687211
"Other",-1.823,41.699,119.09,4,3,0,2,1,1,0,0,0.5,0,0.583333333333333,0.716787846687211
"Riboswitch",-1.484,38.095,123.81,5,4,0,1,1,0,0,0,1,0,0.6,0.877251406464778
"Other",-1.484,38.095,123.81,5,4,0,1,1,0,0,0,1,0,0.6,0.877251406464778
"Riboswitch",3.717,99.363,40.8,4,0,2,5,4,1,0.19,0,0.8,0.0769230769230769,0.192307692307692,0.117114169092193
"Riboswitch",3.717,99.363,40.8,4,0,2,5,4,1,0.19,0,0.8,0.0769230769230769,0.192307692307692,0.117114169092193
"Riboswitch",3.717,99.363,40.8,4,0,2,5,4,1,0.19,0,0.8,0.0769230769230769,0.192307692307692,0.117114169092193
"Riboswitch",3.717,99.363,40.8,4,0,2,5,4,1,0.19,0,0.8,0.0769230769230769,0.192307692307692,0.117114169092193
"Riboswitch",3.717,99.363,40.8,4,0,2,5,4,1,0.19,0,0.8,0.0769230769230769,0.192307692307692,0.117114169092193
"Riboswitch",3.717,99.363,40.8,4,0,2,5,4,1,0.19,0,0.8,0.0769230769230769,0.192307692307692,0.117114169092193
"Riboswitch",3.717,99.363,40.8,4,0,2,5,4,1,0.19,0,0.8,0.0769230769230769,0.192307692307692,0.117114169092193
"Riboswitch",3.717,99.363,40.8,4,0,2,5,4,1,0.19,0,0.8,0.0769230769230769,0.192307692307692,0.117114169092193
"Riboswitch",6.17,143.521,59.8,2,2,11,4,4,0,0.4,1,1,0.323529411764706,0.117647058823529,0.130945655363298
"Riboswitch",3.025,58.337,28.68,1,1,0,3,3,0,0.083,0,1,0,0.142857142857143,0.157386981001613
"Other",3.025,58.337,28.68,1,1,0,3,3,0,0.083,0,1,0,0.142857142857143,0.157386981001613
"Riboswitch",3.033,64.889,37.91,2,1,1,3,3,0,0.154,0,1,0.0625,0.1875,0.178608446563519
"Other",3.033,64.889,37.91,2,1,1,3,3,0,0.154,0,1,0.0625,0.1875,0.178608446563519
"Riboswitch",1.971,66.835,66.18,2,2,0,3,3,0,0,0,1,0,0.1875,0.31475316275088
"Riboswitch",1.971,66.835,66.18,2,2,0,3,3,0,0,0,1,0,0.1875,0.31475316275088
"Riboswitch",1.971,66.835,66.18,2,2,0,3,3,0,0,0,1,0,0.1875,0.31475316275088
"Riboswitch",1.971,66.835,66.18,2,2,0,3,3,0,0,0,1,0,0.1875,0.31475316275088
"Riboswitch",1.971,66.835,66.18,2,2,0,3,3,0,0,0,1,0,0.1875,0.31475316275088
"Riboswitch",1.971,66.835,66.18,2,2,0,3,3,0,0,0,1,0,0.1875,0.31475316275088
"Other",1.971,66.835,66.18,2,2,0,3,3,0,0,0,1,0,0.1875,0.31475316275088
"Riboswitch",3.328,134.438,74.03,3,2,2,8,5,3,0.321,0,0.625,0.0571428571428571,0.2,0.158336345495338
"Other",3.328,134.438,74.03,3,2,2,8,5,3,0.321,0,0.625,0.0571428571428571,0.2,0.158336345495338
"Ribozyme",-0.756,98.169,121.68,2,4,10,2,2,0,0.263,0,1,0.4,0.24,0.355329208072584
"mRNA",4.316,92.351,19.67,0,1,2,4,4,0,0.05,0,1,0.0909090909090909,0.0909090909090909,0.0689280583102639
"Other",4.316,92.351,19.67,0,1,2,4,4,0,0.05,0,1,0.0909090909090909,0.0909090909090909,0.0689280583102639
"mRNA",5.963,119.17,8.81,0,0,3,5,5,0,0.115,1,1,0.107142857142857,0.0714285714285714,0.0242376555776871
"Other",5.963,119.17,8.81,0,0,3,5,5,0,0.115,1,1,0.107142857142857,0.0714285714285714,0.0242376555776871
"mRNA",2.006,132.36,24.03,3,1,4,5,3,2,0.37,0,0.6,0.125,0.15625,0.0558063707047906
"Other",2.006,132.36,24.03,3,1,4,5,3,2,0.37,0,0.6,0.125,0.15625,0.0558063707047906
"mRNA",2.651,121.184,27.35,1,2,3,5,4,1,0.24,0,0.8,0.103448275862069,0.137931034482759,0.0711263448340429
"mRNA",2.651,121.184,27.35,1,2,3,5,4,1,0.24,0,0.8,0.103448275862069,0.137931034482759,0.0711263448340429
"Other",2.651,121.184,27.35,1,2,3,5,4,1,0.24,0,0.8,0.103448275862069,0.137931034482759,0.0711263448340429
"mRNA",4.297,148.004,16.49,1,1,4,6,5,1,0.258,0,0.833333333333333,0.114285714285714,0.114285714285714,0.035643187698453
"mRNA",4.297,148.004,16.49,1,1,4,6,5,1,0.258,0,0.833333333333333,0.114285714285714,0.114285714285714,0.035643187698453
"Other",4.297,148.004,16.49,1,1,4,6,5,1,0.258,0,0.833333333333333,0.114285714285714,0.114285714285714,0.035643187698453
"mRNA",0.847,86.089,67.81,2,4,2,4,3,1,0.118,0,0.75,0.0952380952380952,0.19047619047619,0.244491636951012
"mRNA",0.507,113.903,131.04,1,6,5,4,4,0,0,1,1,0.178571428571429,0.214285714285714,0.353722399179399
"Other",0.507,113.903,131.04,1,6,5,4,4,0,0,1,1,0.178571428571429,0.214285714285714,0.353722399179399
"mRNA",0.507,113.903,131.04,1,6,5,4,4,0,0,1,1,0.178571428571429,0.214285714285714,0.353722399179399
"mRNA",0.507,113.903,131.04,1,6,5,4,4,0,0,1,1,0.178571428571429,0.214285714285714,0.353722399179399
"Other",0.507,113.903,131.04,1,6,5,4,4,0,0,1,1,0.178571428571429,0.214285714285714,0.353722399179399
"Repeat.RNA",0.507,113.903,131.04,1,6,5,4,4,0,0,1,1,0.178571428571429,0.214285714285714,0.353722399179399
"Other",0.507,113.903,131.04,1,6,5,4,4,0,0,1,1,0.178571428571429,0.214285714285714,0.353722399179399
"Other",0.507,113.903,131.04,1,6,5,4,4,0,0,1,1,0.178571428571429,0.214285714285714,0.353722399179399
"G.Quadruplex",0.507,113.903,131.04,1,6,5,4,4,0,0,1,1,0.178571428571429,0.214285714285714,0.353722399179399
"Other",0.507,113.903,131.04,1,6,5,4,4,0,0,1,1,0.178571428571429,0.214285714285714,0.353722399179399
"mRNA",0.507,113.903,131.04,1,6,5,4,4,0,0,1,1,0.178571428571429,0.214285714285714,0.353722399179399
"G.Quadruplex",4.159,121.368,96.06,8,0,2,7,6,1,0.091,0,0.857142857142857,0.0625,0.3125,0.208601160487822
"G.Quadruplex",4.159,121.368,96.06,8,0,2,7,6,1,0.091,0,0.857142857142857,0.0625,0.3125,0.208601160487822
"Other",4.159,121.368,96.06,8,0,2,7,6,1,0.091,0,0.857142857142857,0.0625,0.3125,0.208601160487822
"Other",4.159,121.368,96.06,8,0,2,7,6,1,0.091,0,0.857142857142857,0.0625,0.3125,0.208601160487822
"G.Quadruplex",4.159,121.368,96.06,8,0,2,7,6,1,0.091,0,0.857142857142857,0.0625,0.3125,0.208601160487822
"G.Quadruplex",4.159,121.368,96.06,8,0,2,7,6,1,0.091,0,0.857142857142857,0.0625,0.3125,0.208601160487822
"G.Quadruplex",4.159,121.368,96.06,8,0,2,7,6,1,0.091,0,0.857142857142857,0.0625,0.3125,0.208601160487822
"G.Quadruplex",4.159,121.368,96.06,8,0,2,7,6,1,0.091,0,0.857142857142857,0.0625,0.3125,0.208601160487822
"G.Quadruplex",4.159,121.368,96.06,8,0,2,7,6,1,0.091,0,0.857142857142857,0.0625,0.3125,0.208601160487822
"Other",4.159,121.368,96.06,8,0,2,7,6,1,0.091,0,0.857142857142857,0.0625,0.3125,0.208601160487822
"Other",4.159,121.368,96.06,8,0,2,7,6,1,0.091,0,0.857142857142857,0.0625,0.3125,0.208601160487822
"miRNA",5.135,174.132,123.45,5,3,11,4,3,1,0.576,2,0.75,0.255813953488372,0.232558139534884,0.209305046209875
"miRNA",5.135,174.132,123.45,5,3,11,4,3,1,0.576,2,0.75,0.255813953488372,0.232558139534884,0.209305046209875
"miRNA",5.135,174.132,123.45,5,3,11,4,3,1,0.576,2,0.75,0.255813953488372,0.232558139534884,0.209305046209875
"Other",5.135,174.132,123.45,5,3,11,4,3,1,0.576,2,0.75,0.255813953488372,0.232558139534884,0.209305046209875
"Other",5.135,174.132,123.45,5,3,11,4,3,1,0.576,2,0.75,0.255813953488372,0.232558139534884,0.209305046209875
"Repeat.RNA",-2.123,87.328,153.58,2,6,4,2,2,0,0,1,1,0.173913043478261,0.347826086956522,0.488565257086868
"Repeat.RNA",-2.123,87.328,153.58,2,6,4,2,2,0,0,1,1,0.173913043478261,0.347826086956522,0.488565257086868
"Other",3.153,114.059,44.34,1,3,3,5,4,1,0.375,0,0.8,0.107142857142857,0.142857142857143,0.118077525325153
"Repeat.RNA",3.153,114.059,44.34,1,3,3,5,4,1,0.375,0,0.8,0.107142857142857,0.142857142857143,0.118077525325153
"Repeat.RNA",3.153,114.059,44.34,1,3,3,5,4,1,0.375,0,0.8,0.107142857142857,0.142857142857143,0.118077525325153
"tRNA",3.153,114.059,44.34,1,3,3,5,4,1,0.375,0,0.8,0.107142857142857,0.142857142857143,0.118077525325153
"Repeat.RNA",3.153,114.059,44.34,1,3,3,5,4,1,0.375,0,0.8,0.107142857142857,0.142857142857143,0.118077525325153
"tRNA",3.153,114.059,44.34,1,3,3,5,4,1,0.375,0,0.8,0.107142857142857,0.142857142857143,0.118077525325153
"Other",3.153,114.059,44.34,1,3,3,5,4,1,0.375,0,0.8,0.107142857142857,0.142857142857143,0.118077525325153
"G.Quadruplex",3.153,114.059,44.34,1,3,3,5,4,1,0.375,0,0.8,0.107142857142857,0.142857142857143,0.118077525325153
"Other",3.153,114.059,44.34,1,3,3,5,4,1,0.375,0,0.8,0.107142857142857,0.142857142857143,0.118077525325153
"Repeat.RNA",3.153,114.059,44.34,1,3,3,5,4,1,0.375,0,0.8,0.107142857142857,0.142857142857143,0.118077525325153
"Other",3.153,114.059,44.34,1,3,3,5,4,1,0.375,0,0.8,0.107142857142857,0.142857142857143,0.118077525325153
"Other",3.153,114.059,44.34,1,3,3,5,4,1,0.375,0,0.8,0.107142857142857,0.142857142857143,0.118077525325153
"Other",3.153,114.059,44.34,1,3,3,5,4,1,0.375,0,0.8,0.107142857142857,0.142857142857143,0.118077525325153
"Other",3.153,114.059,44.34,1,3,3,5,4,1,0.375,0,0.8,0.107142857142857,0.142857142857143,0.118077525325153
"Other",3.431,97.521,143.64,6,2,6,4,4,0,0.176,0,1,0.222222222222222,0.37037037037037,0.392097986280392
"Repeat.RNA",3.431,97.521,143.64,6,2,6,4,4,0,0.176,0,1,0.222222222222222,0.37037037037037,0.392097986280392
"Other",3.431,97.521,143.64,6,2,6,4,4,0,0.176,0,1,0.222222222222222,0.37037037037037,0.392097986280392
"Other",4.921,114.852,113.16,5,3,5,5,5,0,0,0,1,0.161290322580645,0.258064516129032,0.274390465683006
"Repeat.RNA",4.921,114.852,113.16,5,3,5,5,5,0,0,0,1,0.161290322580645,0.258064516129032,0.274390465683006
"Other",4.921,114.852,113.16,5,3,5,5,5,0,0,0,1,0.161290322580645,0.258064516129032,0.274390465683006
"Other",6.396,118.637,70.92,3,2,4,5,5,0,0,1,1,0.133333333333333,0.2,0.171360640210311
"Repeat.RNA",6.396,118.637,70.92,3,2,4,5,5,0,0,1,1,0.133333333333333,0.2,0.171360640210311
"Other",6.396,118.637,70.92,3,2,4,5,5,0,0,1,1,0.133333333333333,0.2,0.171360640210311
"Repeat.RNA",5.605,130.878,109.4,4,4,3,6,6,0,0,1,1,0.09375,0.1875,0.26267263402547
"Other",5.605,130.878,109.4,4,4,3,6,6,0,0,1,1,0.09375,0.1875,0.26267263402547
"Other",5.605,130.878,109.4,4,4,3,6,6,0,0,1,1,0.09375,0.1875,0.26267263402547
"Repeat.RNA",5.605,130.878,109.4,4,4,3,6,6,0,0,1,1,0.09375,0.1875,0.26267263402547
"Other",5.605,130.878,109.4,4,4,3,6,6,0,0,1,1,0.09375,0.1875,0.26267263402547
"Repeat.RNA",-1.178,72.335,134.8,6,0,2,3,1,2,0.067,0,0.333333333333333,0.0869565217391304,0.347826086956522,0.431723338361565
"Repeat.RNA",-1.178,72.335,134.8,6,0,2,3,1,2,0.067,0,0.333333333333333,0.0869565217391304,0.347826086956522,0.431723338361565
"Other",-1.178,72.335,134.8,6,0,2,3,1,2,0.067,0,0.333333333333333,0.0869565217391304,0.347826086956522,0.431723338361565
"Repeat.RNA",1.866,95.972,108.09,7,2,2,4,2,2,0.471,0,0.5,0.0833333333333333,0.291666666666667,0.334225921757307
"Other",1.866,95.972,108.09,7,2,2,4,2,2,0.471,0,0.5,0.0833333333333333,0.291666666666667,0.334225921757307
"Other",1.866,95.972,108.09,7,2,2,4,2,2,0.471,0,0.5,0.0833333333333333,0.291666666666667,0.334225921757307
"Repeat.RNA",1.866,95.972,108.09,7,2,2,4,2,2,0.471,0,0.5,0.0833333333333333,0.291666666666667,0.334225921757307
"Other",1.866,95.972,108.09,7,2,2,4,2,2,0.471,0,0.5,0.0833333333333333,0.291666666666667,0.334225921757307
"Other",1.866,95.972,108.09,7,2,2,4,2,2,0.471,0,0.5,0.0833333333333333,0.291666666666667,0.334225921757307
"Repeat.RNA",1.866,95.972,108.09,7,2,2,4,2,2,0.471,0,0.5,0.0833333333333333,0.291666666666667,0.334225921757307
"Repeat.RNA",1.866,95.972,108.09,7,2,2,4,2,2,0.471,0,0.5,0.0833333333333333,0.291666666666667,0.334225921757307
"Repeat.RNA",1.866,95.972,108.09,7,2,2,4,2,2,0.471,0,0.5,0.0833333333333333,0.291666666666667,0.334225921757307
"Repeat.RNA",1.866,95.972,108.09,7,2,2,4,2,2,0.471,0,0.5,0.0833333333333333,0.291666666666667,0.334225921757307
"Repeat.RNA",1.866,95.972,108.09,7,2,2,4,2,2,0.471,0,0.5,0.0833333333333333,0.291666666666667,0.334225921757307
"miRNA",1.866,95.972,108.09,7,2,2,4,2,2,0.471,0,0.5,0.0833333333333333,0.291666666666667,0.334225921757307
"Other",1.866,95.972,108.09,7,2,2,4,2,2,0.471,0,0.5,0.0833333333333333,0.291666666666667,0.334225921757307
"Other",1.866,95.972,108.09,7,2,2,4,2,2,0.471,0,0.5,0.0833333333333333,0.291666666666667,0.334225921757307
"Other",1.866,95.972,108.09,7,2,2,4,2,2,0.471,0,0.5,0.0833333333333333,0.291666666666667,0.334225921757307
"Other",1.866,95.972,108.09,7,2,2,4,2,2,0.471,0,0.5,0.0833333333333333,0.291666666666667,0.334225921757307
"Other",1.866,95.972,108.09,7,2,2,4,2,2,0.471,0,0.5,0.0833333333333333,0.291666666666667,0.334225921757307
"Other",1.866,95.972,108.09,7,2,2,4,2,2,0.471,0,0.5,0.0833333333333333,0.291666666666667,0.334225921757307
"Repeat.RNA",3.369,85.078,64.11,5,1,5,3,3,0,0.062,0,1,0.227272727272727,0.272727272727273,0.205899166896835
"Other",3.369,85.078,64.11,5,1,5,3,3,0,0.062,0,1,0.227272727272727,0.272727272727273,0.205899166896835
"Other",3.12,90.78,83.98,4,2,4,3,3,0,0,0,1,0.16,0.28,0.24969820947533
"Other",3.12,90.78,83.98,4,2,4,3,3,0,0,0,1,0.16,0.28,0.24969820947533
"Repeat.RNA",3.12,90.78,83.98,4,2,4,3,3,0,0,0,1,0.16,0.28,0.24969820947533
"tRNA",3.12,90.78,83.98,4,2,4,3,3,0,0,0,1,0.16,0.28,0.24969820947533
"Repeat.RNA",3.12,90.78,83.98,4,2,4,3,3,0,0,0,1,0.16,0.28,0.24969820947533
"mRNA",5.308,123.622,12.05,1,0,4,4,4,0,0.192,1,1,0.137931034482759,0.103448275862069,0.0315007149747341
"Other",5.308,123.622,12.05,1,0,4,4,4,0,0.192,1,1,0.137931034482759,0.103448275862069,0.0315007149747341
"Other",5.308,123.622,12.05,1,0,4,4,4,0,0.192,1,1,0.137931034482759,0.103448275862069,0.0315007149747341
"Other",5.308,123.622,12.05,1,0,4,4,4,0,0.192,1,1,0.137931034482759,0.103448275862069,0.0315007149747341
"Other",5.308,123.622,12.05,1,0,4,4,4,0,0.192,1,1,0.137931034482759,0.103448275862069,0.0315007149747341
"Other",5.308,123.622,12.05,1,0,4,4,4,0,0.192,1,1,0.137931034482759,0.103448275862069,0.0315007149747341
"mRNA",5.308,123.622,12.05,1,0,4,4,4,0,0.192,1,1,0.137931034482759,0.103448275862069,0.0315007149747341
"mRNA",2.901,110.448,100.53,5,3,4,4,3,1,0.409,0,0.75,0.137931034482759,0.241379310344828,0.254829543294153
"mRNA",2.901,110.448,100.53,5,3,4,4,3,1,0.409,0,0.75,0.137931034482759,0.241379310344828,0.254829543294153
"Other",2.901,110.448,100.53,5,3,4,4,3,1,0.409,0,0.75,0.137931034482759,0.241379310344828,0.254829543294153
"Other",2.901,110.448,100.53,5,3,4,4,3,1,0.409,0,0.75,0.137931034482759,0.241379310344828,0.254829543294153
"mRNA",2.959,118.223,94.54,5,3,4,4,3,1,0.435,0,0.75,0.133333333333333,0.233333333333333,0.231976090807819
"Other",-1.037,91.488,67.11,2,3,6,3,3,0,0.471,0,1,0.260869565217391,0.260869565217391,0.210742828431911
"HCV.IRES",-1.037,91.488,67.11,2,3,6,3,3,0,0.471,0,1,0.260869565217391,0.260869565217391,0.210742828431911
"Other",-1.037,91.488,67.11,2,3,6,3,3,0,0.471,0,1,0.260869565217391,0.260869565217391,0.210742828431911
"HCV.IRES",-1.514,92.991,63.2,2,3,9,2,2,0,0.588,0,1,0.391304347826087,0.260869565217391,0.195982969328045
"Other",-1.514,92.991,63.2,2,3,9,2,2,0,0.588,0,1,0.391304347826087,0.260869565217391,0.195982969328045
"HCV.IRES",-0.864,97.18,47.96,3,3,7,3,2,1,0.611,0,0.666666666666667,0.291666666666667,0.25,0.143816720642917
"Other",-0.864,97.18,47.96,3,3,7,3,2,1,0.611,0,0.666666666666667,0.291666666666667,0.25,0.143816720642917
"HCV.IRES",-1.59,95.616,63.2,2,3,7,3,2,1,0.611,0,0.666666666666667,0.291666666666667,0.25,0.188945492812896
"HCV.IRES",-1.59,95.616,63.2,2,3,7,3,2,1,0.611,0,0.666666666666667,0.291666666666667,0.25,0.188945492812896
"Other",-1.59,95.616,63.2,2,3,7,3,2,1,0.611,0,0.666666666666667,0.291666666666667,0.25,0.188945492812896
"HCV.IRES",-1.732,95.568,63.2,2,3,6,3,2,1,0.611,0,0.666666666666667,0.25,0.25,0.188945492812896
"Other",-1.732,95.568,63.2,2,3,6,3,2,1,0.611,0,0.666666666666667,0.25,0.25,0.188945492812896
"Other",-1.663,98.518,49.21,2,3,4,4,2,2,0.632,0,0.5,0.16,0.24,0.142020611892098
"HCV.IRES",-1.663,98.518,49.21,2,3,4,4,2,2,0.632,0,0.5,0.16,0.24,0.142020611892098
"HCV.IRES",-1.663,98.518,49.21,2,3,4,4,2,2,0.632,0,0.5,0.16,0.24,0.142020611892098
"Other",-1.663,98.518,49.21,2,3,4,4,2,2,0.632,0,0.5,0.16,0.24,0.142020611892098
"HCV.IRES",-1.91,93.949,49.21,2,3,4,4,2,2,0.611,0,0.5,0.166666666666667,0.25,0.148012464207512
"Other",-1.91,93.949,49.21,2,3,4,4,2,2,0.611,0,0.5,0.166666666666667,0.25,0.148012464207512
"HIV.TAR",-5.054,99.106,84.12,0,6,10,1,1,0,0.556,1,1,0.416666666666667,0.25,0.249964341748681
"Other",-5.054,99.106,84.12,0,6,10,1,1,0,0.556,1,1,0.416666666666667,0.25,0.249964341748681
"Other",-5.054,99.106,84.12,0,6,10,1,1,0,0.556,1,1,0.416666666666667,0.25,0.249964341748681
"HIV.TAR",-5.054,99.106,84.12,0,6,10,1,1,0,0.556,1,1,0.416666666666667,0.25,0.249964341748681
"Other",-5.054,99.106,84.12,0,6,10,1,1,0,0.556,1,1,0.416666666666667,0.25,0.249964341748681
"HIV.TAR",-5.054,99.106,84.12,0,6,10,1,1,0,0.556,1,1,0.416666666666667,0.25,0.249964341748681
"HIV.TAR",-5.054,99.106,84.12,0,6,10,1,1,0,0.556,1,1,0.416666666666667,0.25,0.249964341748681
"HIV.TAR",-5.054,99.106,84.12,0,6,10,1,1,0,0.556,1,1,0.416666666666667,0.25,0.249964341748681
"HIV.TAR",-5.054,99.106,84.12,0,6,10,1,1,0,0.556,1,1,0.416666666666667,0.25,0.249964341748681
"Repeat.RNA",-5.054,99.106,84.12,0,6,10,1,1,0,0.556,1,1,0.416666666666667,0.25,0.249964341748681
"Other",-5.054,99.106,84.12,0,6,10,1,1,0,0.556,1,1,0.416666666666667,0.25,0.249964341748681
"Other",-5.054,99.106,84.12,0,6,10,1,1,0,0.556,1,1,0.416666666666667,0.25,0.249964341748681
"Other",-5.054,99.106,84.12,0,6,10,1,1,0,0.556,1,1,0.416666666666667,0.25,0.249964341748681
"Other",-5.054,99.106,84.12,0,6,10,1,1,0,0.556,1,1,0.416666666666667,0.25,0.249964341748681
"Other",-5.054,99.106,84.12,0,6,10,1,1,0,0.556,1,1,0.416666666666667,0.25,0.249964341748681
"Other",-5.054,99.106,84.12,0,6,10,1,1,0,0.556,1,1,0.416666666666667,0.25,0.249964341748681
"Other",-5.054,99.106,84.12,0,6,10,1,1,0,0.556,1,1,0.416666666666667,0.25,0.249964341748681
"Other",-5.054,99.106,84.12,0,6,10,1,1,0,0.556,1,1,0.416666666666667,0.25,0.249964341748681
"Other",-5.054,99.106,84.12,0,6,10,1,1,0,0.556,1,1,0.416666666666667,0.25,0.249964341748681
"Other",-5.054,99.106,84.12,0,6,10,1,1,0,0.556,1,1,0.416666666666667,0.25,0.249964341748681
"Other",-5.054,99.106,84.12,0,6,10,1,1,0,0.556,1,1,0.416666666666667,0.25,0.249964341748681
"HIV.TAR",5.146,123.502,13.67,1,1,9,3,3,0,0.231,1,1,0.310344827586207,0.103448275862069,0.0335891217439806
"tRNA",5.146,123.502,13.67,1,1,9,3,3,0,0.231,1,1,0.310344827586207,0.103448275862069,0.0335891217439806
"HIV.TAR",5.146,123.502,13.67,1,1,9,3,3,0,0.231,1,1,0.310344827586207,0.103448275862069,0.0335891217439806
"HIV.TAR",5.146,123.502,13.67,1,1,9,3,3,0,0.231,1,1,0.310344827586207,0.103448275862069,0.0335891217439806
"HIV.TAR",5.146,123.502,13.67,1,1,9,3,3,0,0.231,1,1,0.310344827586207,0.103448275862069,0.0335891217439806
"Other",5.146,123.502,13.67,1,1,9,3,3,0,0.231,1,1,0.310344827586207,0.103448275862069,0.0335891217439806
"HIV.TAR",3.281,93.689,4.44,0,1,0,4,2,2,0.238,0,0.5,0,0.0454545454545455,0.0153945370197008
"tRNA",3.281,93.689,4.44,0,1,0,4,2,2,0.238,0,0.5,0,0.0454545454545455,0.0153945370197008
"HIV.TAR",3.281,93.689,4.44,0,1,0,4,2,2,0.238,0,0.5,0,0.0454545454545455,0.0153945370197008
"HIV.TAR",3.281,93.689,4.44,0,1,0,4,2,2,0.238,0,0.5,0,0.0454545454545455,0.0153945370197008
"HIV.TAR",3.281,93.689,4.44,0,1,0,4,2,2,0.238,0,0.5,0,0.0454545454545455,0.0153945370197008
"Other",3.281,93.689,4.44,0,1,0,4,2,2,0.238,0,0.5,0,0.0454545454545455,0.0153945370197008
"HIV.TAR",5.02,97.545,68.01,4,2,3,3,3,0,0.222,1,1,0.115384615384615,0.307692307692308,0.179253413880081
"HIV.TAR",1.424,120.61,107.52,7,1,3,4,3,1,0.348,0,0.75,0.0967741935483871,0.258064516129032,0.255699857072532
"Other",1.424,120.61,107.52,7,1,3,4,3,1,0.348,0,0.75,0.0967741935483871,0.258064516129032,0.255699857072532
"HIV.TAR",1.004,113.885,107.52,7,1,4,5,3,2,0.318,0,0.6,0.133333333333333,0.266666666666667,0.265842502163432
"Other",1.004,113.885,107.52,7,1,4,5,3,2,0.318,0,0.6,0.133333333333333,0.266666666666667,0.265842502163432
"HIV.TAR",0.763,102.141,81.5,6,0,3,4,3,1,0.25,0,0.75,0.107142857142857,0.285714285714286,0.213693702197505
"Other",0.763,102.141,81.5,6,0,3,4,3,1,0.25,0,0.75,0.107142857142857,0.285714285714286,0.213693702197505
"HIV.TAR",0.206,106.595,107.52,7,1,3,4,3,1,0.25,0,0.75,0.107142857142857,0.285714285714286,0.284134752597698
"HIV.TAR",0.206,106.595,107.52,7,1,3,4,3,1,0.25,0,0.75,0.107142857142857,0.285714285714286,0.284134752597698
"HIV.TAR",0.206,106.595,107.52,7,1,3,4,3,1,0.25,0,0.75,0.107142857142857,0.285714285714286,0.284134752597698
"Other",0.206,106.595,107.52,7,1,3,4,3,1,0.25,0,0.75,0.107142857142857,0.285714285714286,0.284134752597698
"HIV.TAR",0.206,106.595,107.52,7,1,3,4,3,1,0.25,0,0.75,0.107142857142857,0.285714285714286,0.284134752597698
"Other",0.206,106.595,107.52,7,1,3,4,3,1,0.25,0,0.75,0.107142857142857,0.285714285714286,0.284134752597698
"HIV.TAR",-0.526,105.463,65.14,3,4,4,5,3,2,0.182,0,0.6,0.148148148148148,0.185185185185185,0.181729414554534
"HIV.TAR",-0.526,105.463,65.14,3,4,4,5,3,2,0.182,0,0.6,0.148148148148148,0.185185185185185,0.181729414554534
"HIV.TAR",-0.458,90.024,116.36,1,4,4,3,3,0,0,0,1,0.173913043478261,0.217391304347826,0.379803439643045
"HIV.TAR",-0.458,90.024,116.36,1,4,4,3,3,0,0,0,1,0.173913043478261,0.217391304347826,0.379803439643045
"Repeat.RNA",-0.458,90.024,116.36,1,4,4,3,3,0,0,0,1,0.173913043478261,0.217391304347826,0.379803439643045
"Other",-0.458,90.024,116.36,1,4,4,3,3,0,0,0,1,0.173913043478261,0.217391304347826,0.379803439643045
"Other",-0.458,90.024,116.36,1,4,4,3,3,0,0,0,1,0.173913043478261,0.217391304347826,0.379803439643045
"Repeat.RNA",-0.458,90.024,116.36,1,4,4,3,3,0,0,0,1,0.173913043478261,0.217391304347826,0.379803439643045
"Other",-0.458,90.024,116.36,1,4,4,3,3,0,0,0,1,0.173913043478261,0.217391304347826,0.379803439643045
"Other",-0.458,90.024,116.36,1,4,4,3,3,0,0,0,1,0.173913043478261,0.217391304347826,0.379803439643045
"Other",-0.458,90.024,116.36,1,4,4,3,3,0,0,0,1,0.173913043478261,0.217391304347826,0.379803439643045
"HIV.TAR",3.163,106.701,10.92,3,1,4,4,2,2,0.4,0,0.5,0.16,0.2,0.0291230287949947
"HIV.TAR",3.163,106.701,10.92,3,1,4,4,2,2,0.4,0,0.5,0.16,0.2,0.0291230287949947
"HIV.TAR",-0.622,55.948,131.11,5,4,0,2,2,0,0,0,1,0,0.428571428571429,0.685657208003431
"HIV.TAR",-0.622,55.948,131.11,5,4,0,2,2,0,0,0,1,0,0.428571428571429,0.685657208003431
"Other",-0.622,55.948,131.11,5,4,0,2,2,0,0,0,1,0,0.428571428571429,0.685657208003431
"HIV.TAR",0.73,98.766,126.37,4,4,8,2,2,0,0.353,0,1,0.32,0.32,0.347660301468828
"tRNA",0.73,98.766,126.37,4,4,8,2,2,0,0.353,0,1,0.32,0.32,0.347660301468828
"HIV.TAR",0.73,98.766,126.37,4,4,8,2,2,0,0.353,0,1,0.32,0.32,0.347660301468828
"HIV.TAR",1.283,99.451,127.41,5,4,6,3,3,0,0.176,0,1,0.230769230769231,0.346153846153846,0.343010827953458
"tRNA",1.283,99.451,127.41,5,4,6,3,3,0,0.176,0,1,0.230769230769231,0.346153846153846,0.343010827953458
"HIV.TAR",1.283,99.451,127.41,5,4,6,3,3,0,0.176,0,1,0.230769230769231,0.346153846153846,0.343010827953458
"HIV.TAR",4.458,88.167,68.01,4,2,2,3,3,0,0.125,0,1,0.0833333333333333,0.333333333333333,0.193566014805623
"HIV.TAR",4.458,88.167,68.01,4,2,2,3,3,0,0.125,0,1,0.0833333333333333,0.333333333333333,0.193566014805623
"HIV.TAR",4.458,88.167,68.01,4,2,2,3,3,0,0.125,0,1,0.0833333333333333,0.333333333333333,0.193566014805623
"Viral.RNA",-0.387,80.927,90.11,6,2,3,3,2,1,0.429,0,0.666666666666667,0.142857142857143,0.333333333333333,0.310352784771325
"Other",-0.387,80.927,90.11,6,2,3,3,2,1,0.429,0,0.666666666666667,0.142857142857143,0.333333333333333,0.310352784771325
"Viral.RNA",0.707,94.899,95.06,6,1,4,3,2,1,0.471,0,0.666666666666667,0.16,0.32,0.274413918726599
"Other",0.707,94.899,95.06,6,1,4,3,2,1,0.471,0,0.666666666666667,0.16,0.32,0.274413918726599
"Viral.RNA",0.953,99.446,95.06,6,1,4,3,2,1,0.5,0,0.666666666666667,0.153846153846154,0.307692307692308,0.263734678363547
"Other",0.953,99.446,95.06,6,1,4,3,2,1,0.5,0,0.666666666666667,0.153846153846154,0.307692307692308,0.263734678363547
"Viral.RNA",1.097,99.516,95.06,6,1,5,3,2,1,0.5,0,0.666666666666667,0.192307692307692,0.307692307692308,0.263734678363547
"Other",1.097,99.516,95.06,6,1,5,3,2,1,0.5,0,0.666666666666667,0.192307692307692,0.307692307692308,0.263734678363547
"Viral.RNA",0.707,97.332,95.06,6,1,4,4,2,2,0.5,0,0.5,0.153846153846154,0.307692307692308,0.265218094871409
"Other",0.707,97.332,95.06,6,1,4,4,2,2,0.5,0,0.5,0.153846153846154,0.307692307692308,0.265218094871409
"Other",0.555,67.768,106.89,6,2,1,3,1,2,0.067,0,0.333333333333333,0.0476190476190476,0.285714285714286,0.374748887743618
"Other",0.555,67.768,106.89,6,2,1,3,1,2,0.067,0,0.333333333333333,0.0476190476190476,0.285714285714286,0.374748887743618
"Other",0.555,67.768,106.89,6,2,1,3,1,2,0.067,0,0.333333333333333,0.0476190476190476,0.285714285714286,0.374748887743618
"Other",0.555,67.768,106.89,6,2,1,3,1,2,0.067,0,0.333333333333333,0.0476190476190476,0.285714285714286,0.374748887743618
"Viral.RNA",3.368,109.735,74.77,6,1,5,3,2,1,0.45,0,0.666666666666667,0.178571428571429,0.285714285714286,0.185754745105833
"Viral.RNA",3.368,109.735,74.77,6,1,5,3,2,1,0.45,0,0.666666666666667,0.178571428571429,0.285714285714286,0.185754745105833
"Other",3.368,109.735,74.77,6,1,5,3,2,1,0.45,0,0.666666666666667,0.178571428571429,0.285714285714286,0.185754745105833
"Other",3.368,109.735,74.77,6,1,5,3,2,1,0.45,0,0.666666666666667,0.178571428571429,0.285714285714286,0.185754745105833
"Viral.RNA",3.368,109.735,74.77,6,1,5,3,2,1,0.45,0,0.666666666666667,0.178571428571429,0.285714285714286,0.185754745105833
"HCV.IRES",2.503,173.413,88.26,6,4,13,5,4,1,0.382,1,0.8,0.302325581395349,0.209302325581395,0.15118683204832
"HCV.IRES",2.503,173.413,88.26,6,4,13,5,4,1,0.382,1,0.8,0.302325581395349,0.209302325581395,0.15118683204832
"HCV.IRES",2.503,173.413,88.26,6,4,13,5,4,1,0.382,1,0.8,0.302325581395349,0.209302325581395,0.15118683204832
"Other",2.503,173.413,88.26,6,4,13,5,4,1,0.382,1,0.8,0.302325581395349,0.209302325581395,0.15118683204832
"HCV.IRES",2.503,173.413,88.26,6,4,13,5,4,1,0.382,1,0.8,0.302325581395349,0.209302325581395,0.15118683204832
"G.Quadruplex",2.503,173.413,88.26,6,4,13,5,4,1,0.382,1,0.8,0.302325581395349,0.209302325581395,0.15118683204832
"miRNA",6.802,199.568,123.45,5,3,12,5,4,1,0.487,2,0.8,0.244897959183673,0.204081632653061,0.185386247629173
"miRNA",6.802,199.568,123.45,5,3,12,5,4,1,0.487,2,0.8,0.244897959183673,0.204081632653061,0.185386247629173
"miRNA",6.802,199.568,123.45,5,3,12,5,4,1,0.487,2,0.8,0.244897959183673,0.204081632653061,0.185386247629173
"Other",6.802,199.568,123.45,5,3,12,5,4,1,0.487,2,0.8,0.244897959183673,0.204081632653061,0.185386247629173
"Other",6.802,199.568,123.45,5,3,12,5,4,1,0.487,2,0.8,0.244897959183673,0.204081632653061,0.185386247629173
"miRNA",4.084,171.82,152.13,6,4,12,6,5,1,0.344,1,0.833333333333333,0.272727272727273,0.272727272727273,0.256233620114668
"Other",4.084,171.82,152.13,6,4,12,6,5,1,0.344,1,0.833333333333333,0.272727272727273,0.272727272727273,0.256233620114668
"Other",4.084,171.82,152.13,6,4,12,6,5,1,0.344,1,0.833333333333333,0.272727272727273,0.272727272727273,0.256233620114668
"HCV.IRES",-2.147,103.856,149.4,3,4,8,2,1,1,0.55,0,0.5,0.285714285714286,0.285714285714286,0.38061366948263
"HIV.TAR",5.137,146.799,104.06,5,3,7,5,5,0,0.069,2,1,0.184210526315789,0.236842105263158,0.205422393133373
"Other",5.137,146.799,104.06,5,3,7,5,5,0,0.069,2,1,0.184210526315789,0.236842105263158,0.205422393133373
"Other",5.137,146.799,104.06,5,3,7,5,5,0,0.069,2,1,0.184210526315789,0.236842105263158,0.205422393133373
"Other",5.137,146.799,104.06,5,3,7,5,5,0,0.069,2,1,0.184210526315789,0.236842105263158,0.205422393133373
"Other",5.137,146.799,104.06,5,3,7,5,5,0,0.069,2,1,0.184210526315789,0.236842105263158,0.205422393133373
"Other",5.137,146.799,104.06,5,3,7,5,5,0,0.069,2,1,0.184210526315789,0.236842105263158,0.205422393133373
"HIV.TAR",0.489,140.841,140.02,2,5,11,3,3,0,0.379,0,1,0.314285714285714,0.171428571428571,0.291285362712894
"HIV.TAR",0.489,140.841,140.02,2,5,11,3,3,0,0.379,0,1,0.314285714285714,0.171428571428571,0.291285362712894
"HIV.TAR",0.489,140.841,140.02,2,5,11,3,3,0,0.379,0,1,0.314285714285714,0.171428571428571,0.291285362712894
"Other",0.489,140.841,140.02,2,5,11,3,3,0,0.379,0,1,0.314285714285714,0.171428571428571,0.291285362712894
"HIV.TAR",0.489,140.841,140.02,2,5,11,3,3,0,0.379,0,1,0.314285714285714,0.171428571428571,0.291285362712894
"HIV.TAR",2.625,118.564,61.69,3,2,6,4,3,1,0.375,0,0.75,0.206896551724138,0.172413793103448,0.157162764984472
"Other",2.625,118.564,61.69,3,2,6,4,3,1,0.375,0,0.75,0.206896551724138,0.172413793103448,0.157162764984472
"HIV.TAR",1.387,122.21,64.93,4,2,6,4,3,1,0.375,0,0.75,0.2,0.2,0.159322566239222
"Other",1.387,122.21,64.93,4,2,6,4,3,1,0.375,0,0.75,0.2,0.2,0.159322566239222
"Riboswitch",1.391,65.005,86.46,4,3,2,3,2,1,0.545,0,0.666666666666667,0.117647058823529,0.352941176470588,0.370635516021863
"Other",1.391,65.005,86.46,4,3,2,3,2,1,0.545,0,0.666666666666667,0.117647058823529,0.352941176470588,0.370635516021863
"Riboswitch",-4.996,38.092,129.55,4,2,5,0,0,0,0.8,0,0,0.416666666666667,0.583333333333333,0.656827354032732
"Riboswitch",-4.996,38.092,129.55,4,2,5,0,0,0,0.8,0,0,0.416666666666667,0.583333333333333,0.656827354032732
"Riboswitch",-4.996,38.092,129.55,4,2,5,0,0,0,0.8,0,0,0.416666666666667,0.583333333333333,0.656827354032732
"Other",-4.996,38.092,129.55,4,2,5,0,0,0,0.8,0,0,0.416666666666667,0.583333333333333,0.656827354032732
"Riboswitch",-4.395,30.257,104.64,3,2,5,0,0,0,0.8,0,0,0.5,0.5,0.701481531138969
"Riboswitch",-4.395,30.257,104.64,3,2,5,0,0,0,0.8,0,0,0.5,0.5,0.701481531138969
"Riboswitch",-4.395,30.257,104.64,3,2,5,0,0,0,0.8,0,0,0.5,0.5,0.701481531138969
"Other",-4.395,30.257,104.64,3,2,5,0,0,0,0.8,0,0,0.5,0.5,0.701481531138969
"Riboswitch",-3.465,33.195,95.41,2,2,4,0,0,0,0.5,0,0,0.4,0.4,0.657175131903404
"Other",-3.465,33.195,95.41,2,2,4,0,0,0,0.5,0,0,0.4,0.4,0.657175131903404
"mRNA",3.009,103.752,42.35,2,2,4,4,4,0,0.286,0,1,0.16,0.16,0.126628453877043
"mRNA",3.009,103.752,42.35,2,2,4,4,4,0,0.286,0,1,0.16,0.16,0.126628453877043
"mRNA",3.009,103.752,42.35,2,2,4,4,4,0,0.286,0,1,0.16,0.16,0.126628453877043
"Repeat.RNA",-1.861,90.307,127.28,2,6,7,2,2,0,0.125,1,1,0.318181818181818,0.272727272727273,0.426550131705061
"Other",-1.861,90.307,127.28,2,6,7,2,2,0,0.125,1,1,0.318181818181818,0.272727272727273,0.426550131705061
"Repeat.RNA",4.26,110.218,100.19,5,3,5,3,3,0,0.053,0,1,0.178571428571429,0.321428571428571,0.241495008122948
"Repeat.RNA",4.26,110.218,100.19,5,3,5,3,3,0,0.053,0,1,0.178571428571429,0.321428571428571,0.241495008122948
"Repeat.RNA",4.26,110.218,100.19,5,3,5,3,3,0,0.053,0,1,0.178571428571429,0.321428571428571,0.241495008122948
"G.Quadruplex",-0.408,103.316,155.28,4,4,5,4,4,0,0,0,1,0.178571428571429,0.285714285714286,0.414739158769671
"G.Quadruplex",-0.408,103.316,155.28,4,4,5,4,4,0,0,0,1,0.178571428571429,0.285714285714286,0.414739158769671
"G.Quadruplex",-0.408,103.316,155.28,4,4,5,4,4,0,0,0,1,0.178571428571429,0.285714285714286,0.414739158769671
"G.Quadruplex",-0.408,103.316,155.28,4,4,5,4,4,0,0,0,1,0.178571428571429,0.285714285714286,0.414739158769671
"G.Quadruplex",-0.408,103.316,155.28,4,4,5,4,4,0,0,0,1,0.178571428571429,0.285714285714286,0.414739158769671
"Other",-0.408,103.316,155.28,4,4,5,4,4,0,0,0,1,0.178571428571429,0.285714285714286,0.414739158769671
"G.Quadruplex",0.529,114.538,129,4,4,5,4,4,0,0,0,1,0.178571428571429,0.285714285714286,0.317311949623653
"G.Quadruplex",0.529,114.538,129,4,4,5,4,4,0,0,0,1,0.178571428571429,0.285714285714286,0.317311949623653
"G.Quadruplex",0.529,114.538,129,4,4,5,4,4,0,0,0,1,0.178571428571429,0.285714285714286,0.317311949623653
"G.Quadruplex",0.529,114.538,129,4,4,5,4,4,0,0,0,1,0.178571428571429,0.285714285714286,0.317311949623653
"G.Quadruplex",0.529,114.538,129,4,4,5,4,4,0,0,0,1,0.178571428571429,0.285714285714286,0.317311949623653
"Other",0.529,114.538,129,4,4,5,4,4,0,0,0,1,0.178571428571429,0.285714285714286,0.317311949623653
"G.Quadruplex",-1.48,112.664,129,2,4,5,4,4,0,0,1,1,0.178571428571429,0.285714285714286,0.257831893605369
"G.Quadruplex",-1.48,112.664,129,2,4,5,4,4,0,0,1,1,0.178571428571429,0.285714285714286,0.257831893605369
"G.Quadruplex",-1.48,112.664,129,2,4,5,4,4,0,0,1,1,0.178571428571429,0.285714285714286,0.257831893605369
"G.Quadruplex",-1.48,112.664,129,2,4,5,4,4,0,0,1,1,0.178571428571429,0.285714285714286,0.257831893605369
"Other",-1.48,112.664,129,2,4,5,4,4,0,0,1,1,0.178571428571429,0.285714285714286,0.257831893605369
"Repeat.RNA",-0.033,71.097,147.35,8,4,1,3,1,2,0.067,0,0.333333333333333,0.0434782608695652,0.347826086956522,0.464490951331688
"Repeat.RNA",-0.033,71.097,147.35,8,4,1,3,1,2,0.067,0,0.333333333333333,0.0434782608695652,0.347826086956522,0.464490951331688
"Repeat.RNA",-0.033,71.097,147.35,8,4,1,3,1,2,0.067,0,0.333333333333333,0.0434782608695652,0.347826086956522,0.464490951331688
"Repeat.RNA",-0.033,71.097,147.35,8,4,1,3,1,2,0.067,0,0.333333333333333,0.0434782608695652,0.347826086956522,0.464490951331688
"Repeat.RNA",-0.033,71.097,147.35,8,4,1,3,1,2,0.067,0,0.333333333333333,0.0434782608695652,0.347826086956522,0.464490951331688
"Repeat.RNA",-0.033,71.097,147.35,8,4,1,3,1,2,0.067,0,0.333333333333333,0.0434782608695652,0.347826086956522,0.464490951331688
"Repeat.RNA",-0.033,71.097,147.35,8,4,1,3,1,2,0.067,0,0.333333333333333,0.0434782608695652,0.347826086956522,0.464490951331688
"Repeat.RNA",-0.033,71.097,147.35,8,4,1,3,1,2,0.067,0,0.333333333333333,0.0434782608695652,0.347826086956522,0.464490951331688
"Other",-0.033,71.097,147.35,8,4,1,3,1,2,0.067,0,0.333333333333333,0.0434782608695652,0.347826086956522,0.464490951331688
"Repeat.RNA",-0.033,71.097,147.35,8,4,1,3,1,2,0.067,0,0.333333333333333,0.0434782608695652,0.347826086956522,0.464490951331688
"Repeat.RNA",-0.033,71.097,147.35,8,4,1,3,1,2,0.067,0,0.333333333333333,0.0434782608695652,0.347826086956522,0.464490951331688
"Repeat.RNA",-0.033,71.097,147.35,8,4,1,3,1,2,0.067,0,0.333333333333333,0.0434782608695652,0.347826086956522,0.464490951331688
"Repeat.RNA",-0.033,71.097,147.35,8,4,1,3,1,2,0.067,0,0.333333333333333,0.0434782608695652,0.347826086956522,0.464490951331688
"G.Quadruplex",0.516,102.011,126.62,5,4,6,4,3,1,0.2,0,0.75,0.222222222222222,0.259259259259259,0.345558797121344
"G.Quadruplex",0.516,102.011,126.62,5,4,6,4,3,1,0.2,0,0.75,0.222222222222222,0.259259259259259,0.345558797121344
"G.Quadruplex",0.516,102.011,126.62,5,4,6,4,3,1,0.2,0,0.75,0.222222222222222,0.259259259259259,0.345558797121344
"G.Quadruplex",0.516,102.011,126.62,5,4,6,4,3,1,0.2,0,0.75,0.222222222222222,0.259259259259259,0.345558797121344
"G.Quadruplex",0.516,102.011,126.62,5,4,6,4,3,1,0.2,0,0.75,0.222222222222222,0.259259259259259,0.345558797121344
"G.Quadruplex",0.516,102.011,126.62,5,4,6,4,3,1,0.2,0,0.75,0.222222222222222,0.259259259259259,0.345558797121344
"Other",0.516,102.011,126.62,5,4,6,4,3,1,0.2,0,0.75,0.222222222222222,0.259259259259259,0.345558797121344
"mRNA",0.516,102.011,126.62,5,4,6,4,3,1,0.2,0,0.75,0.222222222222222,0.259259259259259,0.345558797121344
"Other",0.516,102.011,126.62,5,4,6,4,3,1,0.2,0,0.75,0.222222222222222,0.259259259259259,0.345558797121344
"G.Quadruplex",0.984,107.622,113.48,5,4,6,4,3,1,0.2,0,0.75,0.222222222222222,0.259259259259259,0.2966882707738
"G.Quadruplex",0.984,107.622,113.48,5,4,6,4,3,1,0.2,0,0.75,0.222222222222222,0.259259259259259,0.2966882707738
"G.Quadruplex",0.984,107.622,113.48,5,4,6,4,3,1,0.2,0,0.75,0.222222222222222,0.259259259259259,0.2966882707738
"G.Quadruplex",0.984,107.622,113.48,5,4,6,4,3,1,0.2,0,0.75,0.222222222222222,0.259259259259259,0.2966882707738
"Other",0.984,107.622,113.48,5,4,6,4,3,1,0.2,0,0.75,0.222222222222222,0.259259259259259,0.2966882707738
"G.Quadruplex",0.984,107.622,113.48,5,4,6,4,3,1,0.2,0,0.75,0.222222222222222,0.259259259259259,0.2966882707738
"Other",0.984,107.622,113.48,5,4,6,4,3,1,0.2,0,0.75,0.222222222222222,0.259259259259259,0.2966882707738
"Other",4.018,100.828,63.41,4,0,3,4,3,1,0.25,0,0.75,0.115384615384615,0.230769230769231,0.172095598412845
"Other",3.714,105.707,72.64,5,0,4,4,3,1,0.286,0,0.75,0.142857142857143,0.25,0.182290882444465
"Other",3.54,103.715,114.63,4,4,4,5,5,0,0,0,1,0.142857142857143,0.25,0.309502980819077
"Other",3.54,103.715,114.63,4,4,4,5,5,0,0,0,1,0.142857142857143,0.25,0.309502980819077
"Other",3.54,103.715,114.63,4,4,4,5,5,0,0,0,1,0.142857142857143,0.25,0.309502980819077
"Other",3.54,103.715,114.63,4,4,4,5,5,0,0,0,1,0.142857142857143,0.25,0.309502980819077
"Other",3.54,103.715,114.63,4,4,4,5,5,0,0,0,1,0.142857142857143,0.25,0.309502980819077
"Other",3.54,103.715,114.63,4,4,4,5,5,0,0,0,1,0.142857142857143,0.25,0.309502980819077
"Other",0.937,113.887,84.41,5,1,2,6,4,2,0.364,0,0.666666666666667,0.0666666666666667,0.266666666666667,0.20972366466078
"Other",0.937,113.887,84.41,5,1,2,6,4,2,0.364,0,0.666666666666667,0.0666666666666667,0.266666666666667,0.20972366466078
"Other",2.233,121.985,68.08,5,1,3,5,4,1,0.375,0,0.8,0.0967741935483871,0.225806451612903,0.162668062056623
"Other",2.233,121.985,68.08,5,1,3,5,4,1,0.375,0,0.8,0.0967741935483871,0.225806451612903,0.162668062056623
"Other",2.233,121.985,68.08,5,1,3,5,4,1,0.375,0,0.8,0.0967741935483871,0.225806451612903,0.162668062056623
"Other",2.233,121.985,68.08,5,1,3,5,4,1,0.375,0,0.8,0.0967741935483871,0.225806451612903,0.162668062056623
"Other",2.233,121.985,68.08,5,1,3,5,4,1,0.375,0,0.8,0.0967741935483871,0.225806451612903,0.162668062056623
"Other",2.233,121.985,68.08,5,1,3,5,4,1,0.375,0,0.8,0.0967741935483871,0.225806451612903,0.162668062056623
"Other",2.233,121.985,68.08,5,1,3,5,4,1,0.375,0,0.8,0.0967741935483871,0.225806451612903,0.162668062056623
"Other",2.233,121.985,68.08,5,1,3,5,4,1,0.375,0,0.8,0.0967741935483871,0.225806451612903,0.162668062056623
"Other",2.233,121.985,68.08,5,1,3,5,4,1,0.375,0,0.8,0.0967741935483871,0.225806451612903,0.162668062056623
"Ribozyme",2.233,121.985,68.08,5,1,3,5,4,1,0.375,0,0.8,0.0967741935483871,0.225806451612903,0.162668062056623
"Other",2.233,121.985,68.08,5,1,3,5,4,1,0.375,0,0.8,0.0967741935483871,0.225806451612903,0.162668062056623
"Other",2.233,121.985,68.08,5,1,3,5,4,1,0.375,0,0.8,0.0967741935483871,0.225806451612903,0.162668062056623
"Other",2.233,121.985,68.08,5,1,3,5,4,1,0.375,0,0.8,0.0967741935483871,0.225806451612903,0.162668062056623
"Ribozyme",2.233,121.985,68.08,5,1,3,5,4,1,0.375,0,0.8,0.0967741935483871,0.225806451612903,0.162668062056623
"Ribozyme",2.233,121.985,68.08,5,1,3,5,4,1,0.375,0,0.8,0.0967741935483871,0.225806451612903,0.162668062056623
"Other",2.233,121.985,68.08,5,1,3,5,4,1,0.375,0,0.8,0.0967741935483871,0.225806451612903,0.162668062056623
"mRNA",1.054,121.105,72.24,5,1,3,5,4,1,0.391,0,0.8,0.0967741935483871,0.258064516129032,0.17260617645302
"Other",1.054,121.105,72.24,5,1,3,5,4,1,0.391,0,0.8,0.0967741935483871,0.258064516129032,0.17260617645302
"Other",1.054,121.105,72.24,5,1,3,5,4,1,0.391,0,0.8,0.0967741935483871,0.258064516129032,0.17260617645302
"Other",1.054,121.105,72.24,5,1,3,5,4,1,0.391,0,0.8,0.0967741935483871,0.258064516129032,0.17260617645302
"mRNA",1.054,121.105,72.24,5,1,3,5,4,1,0.391,0,0.8,0.0967741935483871,0.258064516129032,0.17260617645302
"Other",1.054,121.105,72.24,5,1,3,5,4,1,0.391,0,0.8,0.0967741935483871,0.258064516129032,0.17260617645302
"mRNA",0.791,109.177,59.35,4,1,2,5,4,1,0.286,0,0.8,0.0689655172413793,0.275862068965517,0.150846621899829
"mRNA",0.791,109.177,59.35,4,1,2,5,4,1,0.286,0,0.8,0.0689655172413793,0.275862068965517,0.150846621899829
"mRNA",0.791,109.177,59.35,4,1,2,5,4,1,0.286,0,0.8,0.0689655172413793,0.275862068965517,0.150846621899829
"mRNA",0.791,109.177,59.35,4,1,2,5,4,1,0.286,0,0.8,0.0689655172413793,0.275862068965517,0.150846621899829
"mRNA",0.791,109.177,59.35,4,1,2,5,4,1,0.286,0,0.8,0.0689655172413793,0.275862068965517,0.150846621899829
"Other",0.791,109.177,59.35,4,1,2,5,4,1,0.286,0,0.8,0.0689655172413793,0.275862068965517,0.150846621899829
"mRNA",0.791,109.177,59.35,4,1,2,5,4,1,0.286,0,0.8,0.0689655172413793,0.275862068965517,0.150846621899829
"Other",0.791,109.177,59.35,4,1,2,5,4,1,0.286,0,0.8,0.0689655172413793,0.275862068965517,0.150846621899829
"Other",0.791,109.177,59.35,4,1,2,5,4,1,0.286,0,0.8,0.0689655172413793,0.275862068965517,0.150846621899829
"Other",0.791,109.177,59.35,4,1,2,5,4,1,0.286,0,0.8,0.0689655172413793,0.275862068965517,0.150846621899829
"Other",0.791,109.177,59.35,4,1,2,5,4,1,0.286,0,0.8,0.0689655172413793,0.275862068965517,0.150846621899829
"Other",0.791,109.177,59.35,4,1,2,5,4,1,0.286,0,0.8,0.0689655172413793,0.275862068965517,0.150846621899829
"Other",0.791,109.177,59.35,4,1,2,5,4,1,0.286,0,0.8,0.0689655172413793,0.275862068965517,0.150846621899829
"mRNA",0.791,109.177,59.35,4,1,2,5,4,1,0.286,0,0.8,0.0689655172413793,0.275862068965517,0.150846621899829
"mRNA",0.791,109.177,59.35,4,1,2,5,4,1,0.286,0,0.8,0.0689655172413793,0.275862068965517,0.150846621899829
"mRNA",0.791,109.177,59.35,4,1,2,5,4,1,0.286,0,0.8,0.0689655172413793,0.275862068965517,0.150846621899829
"mRNA",0.791,109.177,59.35,4,1,2,5,4,1,0.286,0,0.8,0.0689655172413793,0.275862068965517,0.150846621899829
"Ribozyme",0.791,109.177,59.35,4,1,2,5,4,1,0.286,0,0.8,0.0689655172413793,0.275862068965517,0.150846621899829
"Ribozyme",0.791,109.177,59.35,4,1,2,5,4,1,0.286,0,0.8,0.0689655172413793,0.275862068965517,0.150846621899829
"Ribozyme",0.791,109.177,59.35,4,1,2,5,4,1,0.286,0,0.8,0.0689655172413793,0.275862068965517,0.150846621899829
"Ribozyme",0.791,109.177,59.35,4,1,2,5,4,1,0.286,0,0.8,0.0689655172413793,0.275862068965517,0.150846621899829
"mRNA",0.791,109.177,59.35,4,1,2,5,4,1,0.286,0,0.8,0.0689655172413793,0.275862068965517,0.150846621899829
"mRNA",0.791,109.177,59.35,4,1,2,5,4,1,0.286,0,0.8,0.0689655172413793,0.275862068965517,0.150846621899829
"Other",0.791,109.177,59.35,4,1,2,5,4,1,0.286,0,0.8,0.0689655172413793,0.275862068965517,0.150846621899829
"Other",0.791,109.177,59.35,4,1,2,5,4,1,0.286,0,0.8,0.0689655172413793,0.275862068965517,0.150846621899829
"mRNA",0.791,109.177,59.35,4,1,2,5,4,1,0.286,0,0.8,0.0689655172413793,0.275862068965517,0.150846621899829
"mRNA",0.791,109.177,59.35,4,1,2,5,4,1,0.286,0,0.8,0.0689655172413793,0.275862068965517,0.150846621899829
"Other",0.791,109.177,59.35,4,1,2,5,4,1,0.286,0,0.8,0.0689655172413793,0.275862068965517,0.150846621899829
"mRNA",0.791,109.177,59.35,4,1,2,5,4,1,0.286,0,0.8,0.0689655172413793,0.275862068965517,0.150846621899829
"mRNA",0.791,109.177,59.35,4,1,2,5,4,1,0.286,0,0.8,0.0689655172413793,0.275862068965517,0.150846621899829
"mRNA",0.791,109.177,59.35,4,1,2,5,4,1,0.286,0,0.8,0.0689655172413793,0.275862068965517,0.150846621899829
"mRNA",0.791,109.177,59.35,4,1,2,5,4,1,0.286,0,0.8,0.0689655172413793,0.275862068965517,0.150846621899829
"mRNA",0.791,109.177,59.35,4,1,2,5,4,1,0.286,0,0.8,0.0689655172413793,0.275862068965517,0.150846621899829
"mRNA",0.791,109.177,59.35,4,1,2,5,4,1,0.286,0,0.8,0.0689655172413793,0.275862068965517,0.150846621899829
"mRNA",0.791,109.177,59.35,4,1,2,5,4,1,0.286,0,0.8,0.0689655172413793,0.275862068965517,0.150846621899829
"G.Quadruplex",3.216,129.162,74.46,4,2,7,6,5,1,0.346,0,0.833333333333333,0.212121212121212,0.212121212121212,0.168245711948699
"G.Quadruplex",3.216,129.162,74.46,4,2,7,6,5,1,0.346,0,0.833333333333333,0.212121212121212,0.212121212121212,0.168245711948699
"G.Quadruplex",3.216,129.162,74.46,4,2,7,6,5,1,0.346,0,0.833333333333333,0.212121212121212,0.212121212121212,0.168245711948699
"G.Quadruplex",3.216,129.162,74.46,4,2,7,6,5,1,0.346,0,0.833333333333333,0.212121212121212,0.212121212121212,0.168245711948699
"Other",3.216,129.162,74.46,4,2,7,6,5,1,0.346,0,0.833333333333333,0.212121212121212,0.212121212121212,0.168245711948699
"G.Quadruplex",3.216,129.162,74.46,4,2,7,6,5,1,0.346,0,0.833333333333333,0.212121212121212,0.212121212121212,0.168245711948699
"Other",3.216,129.162,74.46,4,2,7,6,5,1,0.346,0,0.833333333333333,0.212121212121212,0.212121212121212,0.168245711948699
"Other",3.216,129.162,74.46,4,2,7,6,5,1,0.346,0,0.833333333333333,0.212121212121212,0.212121212121212,0.168245711948699
"G.Quadruplex",3.216,129.162,74.46,4,2,7,6,5,1,0.346,0,0.833333333333333,0.212121212121212,0.212121212121212,0.168245711948699
"mRNA",3.216,129.162,74.46,4,2,7,6,5,1,0.346,0,0.833333333333333,0.212121212121212,0.212121212121212,0.168245711948699
"G.Quadruplex",3.216,129.162,74.46,4,2,7,6,5,1,0.346,0,0.833333333333333,0.212121212121212,0.212121212121212,0.168245711948699
"G.Quadruplex",3.216,129.162,74.46,4,2,7,6,5,1,0.346,0,0.833333333333333,0.212121212121212,0.212121212121212,0.168245711948699
"Other",3.216,129.162,74.46,4,2,7,6,5,1,0.346,0,0.833333333333333,0.212121212121212,0.212121212121212,0.168245711948699
"G.Quadruplex",3.216,129.162,74.46,4,2,7,6,5,1,0.346,0,0.833333333333333,0.212121212121212,0.212121212121212,0.168245711948699
"Other",0.43,112.704,106.09,6,3,3,5,3,2,0.348,0,0.6,0.0967741935483871,0.258064516129032,0.251123772371888
"Other",0.43,112.704,106.09,6,3,3,5,3,2,0.348,0,0.6,0.0967741935483871,0.258064516129032,0.251123772371888
"Other",0.43,112.704,106.09,6,3,3,5,3,2,0.348,0,0.6,0.0967741935483871,0.258064516129032,0.251123772371888
"Other",0.43,112.704,106.09,6,3,3,5,3,2,0.348,0,0.6,0.0967741935483871,0.258064516129032,0.251123772371888
"Other",0.43,112.704,106.09,6,3,3,5,3,2,0.348,0,0.6,0.0967741935483871,0.258064516129032,0.251123772371888
"mRNA",-1.443,191.952,253.14,3,9,18,6,3,3,0.447,2,0.5,0.36,0.24,0.366896151895065
"mRNA",-1.443,191.952,253.14,3,9,18,6,3,3,0.447,2,0.5,0.36,0.24,0.366896151895065
"Repeat.RNA",-4.365,140.457,284.17,9,10,10,3,3,0,0.273,1,1,0.277777777777778,0.388888888888889,0.573362656874218
"Other",-4.365,140.457,284.17,9,10,10,3,3,0,0.273,1,1,0.277777777777778,0.388888888888889,0.573362656874218
"Repeat.RNA",-3.585,149.691,284.17,9,10,12,3,3,0,0.333,2,1,0.315789473684211,0.368421052631579,0.542646761152931
"Other",-3.585,149.691,284.17,9,10,12,3,3,0,0.333,2,1,0.315789473684211,0.368421052631579,0.542646761152931
"Repeat.RNA",-4.365,140.457,284.17,9,10,10,3,3,0,0.273,1,1,0.277777777777778,0.388888888888889,0.573362656874218
"Other",-4.365,140.457,284.17,9,10,10,3,3,0,0.273,1,1,0.277777777777778,0.388888888888889,0.573362656874218
"Repeat.RNA",-3.585,149.691,284.17,9,10,12,3,3,0,0.333,2,1,0.315789473684211,0.368421052631579,0.542646761152931
"Other",-3.585,149.691,284.17,9,10,12,3,3,0,0.333,2,1,0.315789473684211,0.368421052631579,0.542646761152931
"Repeat.RNA",-0.957,179.822,221.58,8,8,20,4,4,0,0.438,2,1,0.434782608695652,0.304347826086957,0.34903612597939
"tRNA",-0.957,179.822,221.58,8,8,20,4,4,0,0.438,2,1,0.434782608695652,0.304347826086957,0.34903612597939
"Repeat.RNA",-0.957,179.822,221.58,8,8,20,4,4,0,0.438,2,1,0.434782608695652,0.304347826086957,0.34903612597939
"Other",-0.957,179.822,221.58,8,8,20,4,4,0,0.438,2,1,0.434782608695652,0.304347826086957,0.34903612597939
"Repeat.RNA",-1.605,155.919,217.78,8,7,15,4,4,0,0.37,2,1,0.375,0.325,0.39544883388171
"Repeat.RNA",-1.605,155.919,217.78,8,7,15,4,4,0,0.37,2,1,0.375,0.325,0.39544883388171
"Repeat.RNA",-1.605,155.919,217.78,8,7,15,4,4,0,0.37,2,1,0.375,0.325,0.39544883388171
"Repeat.RNA",-1.605,155.919,217.78,8,7,15,4,4,0,0.37,2,1,0.375,0.325,0.39544883388171
"HIV.TAR",-1.605,155.919,217.78,8,7,15,4,4,0,0.37,2,1,0.375,0.325,0.39544883388171
"Repeat.RNA",-0.764,183.465,247.92,10,8,18,5,5,0,0.344,2,1,0.375,0.333333333333333,0.376888088925644
"Repeat.RNA",-0.764,183.465,247.92,10,8,18,5,5,0,0.344,2,1,0.375,0.333333333333333,0.376888088925644
"Other",-0.764,183.465,247.92,10,8,18,5,5,0,0.344,2,1,0.375,0.333333333333333,0.376888088925644
"Repeat.RNA",-0.764,183.465,247.92,10,8,18,5,5,0,0.344,2,1,0.375,0.333333333333333,0.376888088925644
"HIV.TAR",-0.764,183.465,247.92,10,8,18,5,5,0,0.344,2,1,0.375,0.333333333333333,0.376888088925644
"Repeat.RNA",-4.801,144.789,283.22,10,10,14,3,3,0,0.364,2,1,0.368421052631579,0.421052631578947,0.537768343023366
"Repeat.RNA",-4.801,144.789,283.22,10,10,14,3,3,0,0.364,2,1,0.368421052631579,0.421052631578947,0.537768343023366
"Repeat.RNA",-4.801,144.789,283.22,10,10,14,3,3,0,0.364,2,1,0.368421052631579,0.421052631578947,0.537768343023366
"Repeat.RNA",-4.801,144.789,283.22,10,10,14,3,3,0,0.364,2,1,0.368421052631579,0.421052631578947,0.537768343023366
"Repeat.RNA",-4.801,144.789,283.22,10,10,14,3,3,0,0.364,2,1,0.368421052631579,0.421052631578947,0.537768343023366
"HIV.TAR",-4.801,144.789,283.22,10,10,14,3,3,0,0.364,2,1,0.368421052631579,0.421052631578947,0.537768343023366
"Other",-4.801,144.789,283.22,10,10,14,3,3,0,0.364,2,1,0.368421052631579,0.421052631578947,0.537768343023366
"Other",-4.801,144.789,283.22,10,10,14,3,3,0,0.364,2,1,0.368421052631579,0.421052631578947,0.537768343023366
"tRNA",-4.801,144.789,283.22,10,10,14,3,3,0,0.364,2,1,0.368421052631579,0.421052631578947,0.537768343023366
"Repeat.RNA",-4.801,144.789,283.22,10,10,14,3,3,0,0.364,2,1,0.368421052631579,0.421052631578947,0.537768343023366
"Repeat.RNA",-4.801,144.789,283.22,10,10,14,3,3,0,0.364,2,1,0.368421052631579,0.421052631578947,0.537768343023366
"Repeat.RNA",-4.801,144.789,283.22,10,10,14,3,3,0,0.364,2,1,0.368421052631579,0.421052631578947,0.537768343023366
"Other",-4.801,144.789,283.22,10,10,14,3,3,0,0.364,2,1,0.368421052631579,0.421052631578947,0.537768343023366
"Repeat.RNA",-4.801,144.789,283.22,10,10,14,3,3,0,0.364,2,1,0.368421052631579,0.421052631578947,0.537768343023366
"HIV.TAR",-0.876,190.613,246.99,7,8,17,4,4,0,0.333,2,1,0.34,0.28,0.360663062810482
"Other",-0.876,190.613,246.99,7,8,17,4,4,0,0.333,2,1,0.34,0.28,0.360663062810482
"HIV.TAR",0.547,197.622,233.16,7,8,17,4,4,0,0.351,2,1,0.333333333333333,0.274509803921569,0.333153772842166
"Other",0.547,197.622,233.16,7,8,17,4,4,0,0.351,2,1,0.333333333333333,0.274509803921569,0.333153772842166
"HIV.TAR",-2.647,151.988,239.85,6,8,17,2,2,0,0.5,2,1,0.425,0.35,0.413697108518521
"tRNA",-2.647,151.988,239.85,6,8,17,2,2,0,0.5,2,1,0.425,0.35,0.413697108518521
"HIV.TAR",-2.647,151.988,239.85,6,8,17,2,2,0,0.5,2,1,0.425,0.35,0.413697108518521
"HIV.TAR",-6.584,165.489,311.85,6,12,17,2,2,0,0.423,2,1,0.386363636363636,0.409090909090909,0.490484429065744
"tRNA",-6.584,165.489,311.85,6,12,17,2,2,0,0.423,2,1,0.386363636363636,0.409090909090909,0.490484429065744
"HIV.TAR",-6.584,165.489,311.85,6,12,17,2,2,0,0.423,2,1,0.386363636363636,0.409090909090909,0.490484429065744
"Repeat.RNA",1.336,135.74,187.11,9,6,6,5,3,2,0.333,1,0.6,0.166666666666667,0.333333333333333,0.382197220383852
"Repeat.RNA",1.336,135.74,187.11,9,6,6,5,3,2,0.333,1,0.6,0.166666666666667,0.333333333333333,0.382197220383852
"Repeat.RNA",1.336,135.74,187.11,9,6,6,5,3,2,0.333,1,0.6,0.166666666666667,0.333333333333333,0.382197220383852
"Repeat.RNA",0.312,129.043,187.46,10,5,4,5,2,3,0.444,1,0.4,0.105263157894737,0.289473684210526,0.354679169173601
"Repeat.RNA",0.312,129.043,187.46,10,5,4,5,2,3,0.444,1,0.4,0.105263157894737,0.289473684210526,0.354679169173601
"Repeat.RNA",0.312,129.043,187.46,10,5,4,5,2,3,0.444,1,0.4,0.105263157894737,0.289473684210526,0.354679169173601
"Other",0.312,129.043,187.46,10,5,4,5,2,3,0.444,1,0.4,0.105263157894737,0.289473684210526,0.354679169173601
"Other",3.136,94.277,49.56,3,1,6,3,3,0,0.211,0,1,0.25,0.208333333333333,0.152772468896808
"Other",3.136,94.277,49.56,3,1,6,3,3,0,0.211,0,1,0.25,0.208333333333333,0.152772468896808
"Other",3.136,94.277,49.56,3,1,6,3,3,0,0.211,0,1,0.25,0.208333333333333,0.152772468896808
"Other",3.136,94.277,49.56,3,1,6,3,3,0,0.211,0,1,0.25,0.208333333333333,0.152772468896808
"Other",3.136,94.277,49.56,3,1,6,3,3,0,0.211,0,1,0.25,0.208333333333333,0.152772468896808
"Other",2.326,85.907,75.01,4,2,2,4,2,2,0.412,0,0.5,0.0909090909090909,0.227272727272727,0.253092376524257
"Other",2.326,85.907,75.01,4,2,2,4,2,2,0.412,0,0.5,0.0909090909090909,0.227272727272727,0.253092376524257
"Other",2.326,85.907,75.01,4,2,2,4,2,2,0.412,0,0.5,0.0909090909090909,0.227272727272727,0.253092376524257
"HIV.TAR",2.575,95.989,30.74,2,1,4,4,3,1,0.19,0,0.75,0.166666666666667,0.125,0.0965464390256159
"tRNA",2.575,95.989,30.74,2,1,4,4,3,1,0.19,0,0.75,0.166666666666667,0.125,0.0965464390256159
"HIV.TAR",2.575,95.989,30.74,2,1,4,4,3,1,0.19,0,0.75,0.166666666666667,0.125,0.0965464390256159
"HIV.TAR",2.575,95.989,30.74,2,1,4,4,3,1,0.19,0,0.75,0.166666666666667,0.125,0.0965464390256159
"HIV.TAR",3.423,111.484,51,2,2,6,4,3,1,0.4,0,0.75,0.230769230769231,0.230769230769231,0.105541115507508
"HIV.TAR",3.423,111.484,51,2,2,6,4,3,1,0.4,0,0.75,0.230769230769231,0.230769230769231,0.105541115507508
"tRNA",3.423,111.484,51,2,2,6,4,3,1,0.4,0,0.75,0.230769230769231,0.230769230769231,0.105541115507508
"HIV.TAR",3.423,111.484,51,2,2,6,4,3,1,0.4,0,0.75,0.230769230769231,0.230769230769231,0.105541115507508
"HIV.TAR",3.423,111.484,51,2,2,6,4,3,1,0.4,0,0.75,0.230769230769231,0.230769230769231,0.105541115507508
"HIV.TAR",2.687,83.558,32.74,3,1,3,3,2,1,0.267,0,0.666666666666667,0.130434782608696,0.347826086956522,0.0907397758389411
"tRNA",2.687,83.558,32.74,3,1,3,3,2,1,0.267,0,0.666666666666667,0.130434782608696,0.347826086956522,0.0907397758389411
"HIV.TAR",2.687,83.558,32.74,3,1,3,3,2,1,0.267,0,0.666666666666667,0.130434782608696,0.347826086956522,0.0907397758389411
"HIV.TAR",2.687,83.558,32.74,3,1,3,3,2,1,0.267,0,0.666666666666667,0.130434782608696,0.347826086956522,0.0907397758389411
"G.Quadruplex",3.009,111.556,44.34,1,3,5,4,4,0,0.348,0,1,0.185185185185185,0.148148148148148,0.121979064937209
"G.Quadruplex",3.621,85.626,39.9,1,2,0,4,4,0,0.167,0,1,0,0.142857142857143,0.143863102899977
"Other",4.495,87.132,37.91,2,1,1,4,4,0,0.167,0,1,0.0476190476190476,0.142857142857143,0.137186571566084
"G.Quadruplex",4.495,87.132,37.91,2,1,1,4,4,0,0.167,0,1,0.0476190476190476,0.142857142857143,0.137186571566084
"Other",4.495,87.132,37.91,2,1,1,4,4,0,0.167,0,1,0.0476190476190476,0.142857142857143,0.137186571566084
"Other",4.495,87.132,37.91,2,1,1,4,4,0,0.167,0,1,0.0476190476190476,0.142857142857143,0.137186571566084
"G.Quadruplex",4.495,87.132,37.91,2,1,1,4,4,0,0.167,0,1,0.0476190476190476,0.142857142857143,0.137186571566084
"G.Quadruplex",4.495,87.132,37.91,2,1,1,4,4,0,0.167,0,1,0.0476190476190476,0.142857142857143,0.137186571566084
"G.Quadruplex",4.495,87.132,37.91,2,1,1,4,4,0,0.167,0,1,0.0476190476190476,0.142857142857143,0.137186571566084
"G.Quadruplex",4.495,87.132,37.91,2,1,1,4,4,0,0.167,0,1,0.0476190476190476,0.142857142857143,0.137186571566084
"Repeat.RNA",4.495,87.132,37.91,2,1,1,4,4,0,0.167,0,1,0.0476190476190476,0.142857142857143,0.137186571566084
"G.Quadruplex",4.495,87.132,37.91,2,1,1,4,4,0,0.167,0,1,0.0476190476190476,0.142857142857143,0.137186571566084
"Ribozyme",4.018,104.305,110.8,6,2,4,4,4,0,0.043,0,1,0.137931034482759,0.206896551724138,0.286033658003908
"Ribozyme",4.018,104.305,110.8,6,2,4,4,4,0,0.043,0,1,0.137931034482759,0.206896551724138,0.286033658003908
"Other",4.018,104.305,110.8,6,2,4,4,4,0,0.043,0,1,0.137931034482759,0.206896551724138,0.286033658003908
"Ribozyme",0.557,105.995,127.27,6,4,6,4,3,1,0.273,0,0.75,0.2,0.266666666666667,0.310092440537393
"Ribozyme",0.557,105.995,127.27,6,4,6,4,3,1,0.273,0,0.75,0.2,0.266666666666667,0.310092440537393
"Ribozyme",0.557,105.995,127.27,6,4,6,4,3,1,0.273,0,0.75,0.2,0.266666666666667,0.310092440537393
"Ribozyme",0.557,105.995,127.27,6,4,6,4,3,1,0.273,0,0.75,0.2,0.266666666666667,0.310092440537393
"Ribozyme",0.557,105.995,127.27,6,4,6,4,3,1,0.273,0,0.75,0.2,0.266666666666667,0.310092440537393
"tRNA",0.557,105.995,127.27,6,4,6,4,3,1,0.273,0,0.75,0.2,0.266666666666667,0.310092440537393
"Ribozyme",0.557,105.995,127.27,6,4,6,4,3,1,0.273,0,0.75,0.2,0.266666666666667,0.310092440537393
"Ribozyme",0.557,105.995,127.27,6,4,6,4,3,1,0.273,0,0.75,0.2,0.266666666666667,0.310092440537393
"tRNA",0.557,105.995,127.27,6,4,6,4,3,1,0.273,0,0.75,0.2,0.266666666666667,0.310092440537393
"Other",2.997,81.17,38.77,3,0,3,3,1,2,0.353,0,0.333333333333333,0.142857142857143,0.19047619047619,0.135871565098846
"Other",2.997,81.17,38.77,3,0,3,3,1,2,0.353,0,0.333333333333333,0.142857142857143,0.19047619047619,0.135871565098846
"Repeat.RNA",2.997,81.17,38.77,3,0,3,3,1,2,0.353,0,0.333333333333333,0.142857142857143,0.19047619047619,0.135871565098846
"Other",2.997,81.17,38.77,3,0,3,3,1,2,0.353,0,0.333333333333333,0.142857142857143,0.19047619047619,0.135871565098846
"Repeat.RNA",2.997,81.17,38.77,3,0,3,3,1,2,0.353,0,0.333333333333333,0.142857142857143,0.19047619047619,0.135871565098846
"tRNA",2.997,81.17,38.77,3,0,3,3,1,2,0.353,0,0.333333333333333,0.142857142857143,0.19047619047619,0.135871565098846
"Repeat.RNA",2.997,81.17,38.77,3,0,3,3,1,2,0.353,0,0.333333333333333,0.142857142857143,0.19047619047619,0.135871565098846
"Repeat.RNA",2.997,81.17,38.77,3,0,3,3,1,2,0.353,0,0.333333333333333,0.142857142857143,0.19047619047619,0.135871565098846
"Repeat.RNA",2.997,81.17,38.77,3,0,3,3,1,2,0.353,0,0.333333333333333,0.142857142857143,0.19047619047619,0.135871565098846
"Repeat.RNA",2.997,81.17,38.77,3,0,3,3,1,2,0.353,0,0.333333333333333,0.142857142857143,0.19047619047619,0.135871565098846
"Repeat.RNA",2.997,81.17,38.77,3,0,3,3,1,2,0.353,0,0.333333333333333,0.142857142857143,0.19047619047619,0.135871565098846
"Repeat.RNA",2.997,81.17,38.77,3,0,3,3,1,2,0.353,0,0.333333333333333,0.142857142857143,0.19047619047619,0.135871565098846
"Repeat.RNA",2.997,81.17,38.77,3,0,3,3,1,2,0.353,0,0.333333333333333,0.142857142857143,0.19047619047619,0.135871565098846
"Repeat.RNA",2.997,81.17,38.77,3,0,3,3,1,2,0.353,0,0.333333333333333,0.142857142857143,0.19047619047619,0.135871565098846
"Other",2.997,81.17,38.77,3,0,3,3,1,2,0.353,0,0.333333333333333,0.142857142857143,0.19047619047619,0.135871565098846
"mRNA",2.997,81.17,38.77,3,0,3,3,1,2,0.353,0,0.333333333333333,0.142857142857143,0.19047619047619,0.135871565098846
"Other",2.997,81.17,38.77,3,0,3,3,1,2,0.353,0,0.333333333333333,0.142857142857143,0.19047619047619,0.135871565098846
"Repeat.RNA",4.83,124.06,95.42,6,1,4,5,5,0,0.038,0,1,0.125,0.1875,0.225878231228103
"Repeat.RNA",4.83,124.06,95.42,6,1,4,5,5,0,0.038,0,1,0.125,0.1875,0.225878231228103
"Repeat.RNA",4.83,124.06,95.42,6,1,4,5,5,0,0.038,0,1,0.125,0.1875,0.225878231228103
"Repeat.RNA",4.83,124.06,95.42,6,1,4,5,5,0,0.038,0,1,0.125,0.1875,0.225878231228103
"Repeat.RNA",4.83,124.06,95.42,6,1,4,5,5,0,0.038,0,1,0.125,0.1875,0.225878231228103
"Other",4.83,124.06,95.42,6,1,4,5,5,0,0.038,0,1,0.125,0.1875,0.225878231228103
"Other",4.83,124.06,95.42,6,1,4,5,5,0,0.038,0,1,0.125,0.1875,0.225878231228103
"Repeat.RNA",4.83,124.06,95.42,6,1,4,5,5,0,0.038,0,1,0.125,0.1875,0.225878231228103
"Repeat.RNA",4.83,124.06,95.42,6,1,4,5,5,0,0.038,0,1,0.125,0.1875,0.225878231228103
"Repeat.RNA",4.83,124.06,95.42,6,1,4,5,5,0,0.038,0,1,0.125,0.1875,0.225878231228103
"Repeat.RNA",5.593,131.76,95.42,6,1,4,5,5,0,0.038,2,1,0.121212121212121,0.212121212121212,0.190331434407264
"Repeat.RNA",5.593,131.76,95.42,6,1,4,5,5,0,0.038,2,1,0.121212121212121,0.212121212121212,0.190331434407264
"Repeat.RNA",5.593,131.76,95.42,6,1,4,5,5,0,0.038,2,1,0.121212121212121,0.212121212121212,0.190331434407264
"Repeat.RNA",5.593,131.76,95.42,6,1,4,5,5,0,0.038,2,1,0.121212121212121,0.212121212121212,0.190331434407264
"Repeat.RNA",5.593,131.76,95.42,6,1,4,5,5,0,0.038,2,1,0.121212121212121,0.212121212121212,0.190331434407264
"Other",5.593,131.76,95.42,6,1,4,5,5,0,0.038,2,1,0.121212121212121,0.212121212121212,0.190331434407264
"Other",5.593,131.76,95.42,6,1,4,5,5,0,0.038,2,1,0.121212121212121,0.212121212121212,0.190331434407264
"Repeat.RNA",5.593,131.76,95.42,6,1,4,5,5,0,0.038,2,1,0.121212121212121,0.212121212121212,0.190331434407264
"Repeat.RNA",5.593,131.76,95.42,6,1,4,5,5,0,0.038,2,1,0.121212121212121,0.212121212121212,0.190331434407264
"Repeat.RNA",5.593,131.76,95.42,6,1,4,5,5,0,0.038,2,1,0.121212121212121,0.212121212121212,0.190331434407264
"G.Quadruplex",2.565,144.605,103.57,5,2,6,5,5,0,0.069,1,1,0.157894736842105,0.236842105263158,0.205673139171429
"G.Quadruplex",2.565,144.605,103.57,5,2,6,5,5,0,0.069,1,1,0.157894736842105,0.236842105263158,0.205673139171429
"mRNA",2.565,144.605,103.57,5,2,6,5,5,0,0.069,1,1,0.157894736842105,0.236842105263158,0.205673139171429
"G.Quadruplex",4.266,177.412,116.46,6,2,6,7,7,0,0.056,1,1,0.130434782608696,0.217391304347826,0.192599648736344
"G.Quadruplex",4.266,177.412,116.46,6,2,6,7,7,0,0.056,1,1,0.130434782608696,0.217391304347826,0.192599648736344
"mRNA",4.266,177.412,116.46,6,2,6,7,7,0,0.056,1,1,0.130434782608696,0.217391304347826,0.192599648736344
"Other",4.266,177.412,116.46,6,2,6,7,7,0,0.056,1,1,0.130434782608696,0.217391304347826,0.192599648736344
"miRNA",3.385,99.491,40.8,4,0,4,4,3,1,0.286,0,0.75,0.153846153846154,0.192307692307692,0.115774240231548
"G.Quadruplex",5.536,148.22,43.75,3,2,7,6,5,1,0.233,1,0.833333333333333,0.2,0.142857142857143,0.0908307641202911
"Other",5.536,148.22,43.75,3,2,7,6,5,1,0.233,1,0.833333333333333,0.2,0.142857142857143,0.0908307641202911
"Other",5.536,148.22,43.75,3,2,7,6,5,1,0.233,1,0.833333333333333,0.2,0.142857142857143,0.0908307641202911
"Other",5.536,148.22,43.75,3,2,7,6,5,1,0.233,1,0.833333333333333,0.2,0.142857142857143,0.0908307641202911
"G.Quadruplex",4.688,156.483,46.99,4,2,7,6,5,1,0.258,1,0.833333333333333,0.189189189189189,0.162162162162162,0.0920097041943815
"Other",4.688,156.483,46.99,4,2,7,6,5,1,0.258,1,0.833333333333333,0.189189189189189,0.162162162162162,0.0920097041943815
"Other",4.688,156.483,46.99,4,2,7,6,5,1,0.258,1,0.833333333333333,0.189189189189189,0.162162162162162,0.0920097041943815
"Other",4.688,156.483,46.99,4,2,7,6,5,1,0.258,1,0.833333333333333,0.189189189189189,0.162162162162162,0.0920097041943815
"Other",4.547,96.735,7.12,2,0,4,3,3,0,0.316,0,1,0.181818181818182,0.136363636363636,0.0228590508357038
"Other",4.547,96.735,7.12,2,0,4,3,3,0,0.316,0,1,0.181818181818182,0.136363636363636,0.0228590508357038
"Other",4.547,96.735,7.12,2,0,4,3,3,0,0.316,0,1,0.181818181818182,0.136363636363636,0.0228590508357038
"G.Quadruplex",4.547,96.735,7.12,2,0,4,3,3,0,0.316,0,1,0.181818181818182,0.136363636363636,0.0228590508357038
"Other",4.547,96.735,7.12,2,0,4,3,3,0,0.316,0,1,0.181818181818182,0.136363636363636,0.0228590508357038
"Other",4.547,96.735,7.12,2,0,4,3,3,0,0.316,0,1,0.181818181818182,0.136363636363636,0.0228590508357038
"Other",4.547,96.735,7.12,2,0,4,3,3,0,0.316,0,1,0.181818181818182,0.136363636363636,0.0228590508357038
"miRNA",4.547,96.735,7.12,2,0,4,3,3,0,0.316,0,1,0.181818181818182,0.136363636363636,0.0228590508357038
"Other",4.547,96.735,7.12,2,0,4,3,3,0,0.316,0,1,0.181818181818182,0.136363636363636,0.0228590508357038
"G.Quadruplex",4.547,96.735,7.12,2,0,4,3,3,0,0.316,0,1,0.181818181818182,0.136363636363636,0.0228590508357038
"G.Quadruplex",4.547,96.735,7.12,2,0,4,3,3,0,0.316,0,1,0.181818181818182,0.136363636363636,0.0228590508357038
"Other",4.547,96.735,7.12,2,0,4,3,3,0,0.316,0,1,0.181818181818182,0.136363636363636,0.0228590508357038
"Other",4.547,96.735,7.12,2,0,4,3,3,0,0.316,0,1,0.181818181818182,0.136363636363636,0.0228590508357038
"Other",4.547,96.735,7.12,2,0,4,3,3,0,0.316,0,1,0.181818181818182,0.136363636363636,0.0228590508357038
"Other",4.547,96.735,7.12,2,0,4,3,3,0,0.316,0,1,0.181818181818182,0.136363636363636,0.0228590508357038
"Other",4.547,96.735,7.12,2,0,4,3,3,0,0.316,0,1,0.181818181818182,0.136363636363636,0.0228590508357038
"Other",4.547,96.735,7.12,2,0,4,3,3,0,0.316,0,1,0.181818181818182,0.136363636363636,0.0228590508357038
"Other",4.547,96.735,7.12,2,0,4,3,3,0,0.316,0,1,0.181818181818182,0.136363636363636,0.0228590508357038
"tRNA",4.547,96.735,7.12,2,0,4,3,3,0,0.316,0,1,0.181818181818182,0.136363636363636,0.0228590508357038
"Other",4.547,96.735,7.12,2,0,4,3,3,0,0.316,0,1,0.181818181818182,0.136363636363636,0.0228590508357038
"Other",4.547,96.735,7.12,2,0,4,3,3,0,0.316,0,1,0.181818181818182,0.136363636363636,0.0228590508357038
"Other",4.547,96.735,7.12,2,0,4,3,3,0,0.316,0,1,0.181818181818182,0.136363636363636,0.0228590508357038
"Other",4.547,96.735,7.12,2,0,4,3,3,0,0.316,0,1,0.181818181818182,0.136363636363636,0.0228590508357038
"Other",4.547,96.735,7.12,2,0,4,3,3,0,0.316,0,1,0.181818181818182,0.136363636363636,0.0228590508357038
"Other",4.547,96.735,7.12,2,0,4,3,3,0,0.316,0,1,0.181818181818182,0.136363636363636,0.0228590508357038
"Other",4.547,96.735,7.12,2,0,4,3,3,0,0.316,0,1,0.181818181818182,0.136363636363636,0.0228590508357038
"Other",4.547,96.735,7.12,2,0,4,3,3,0,0.316,0,1,0.181818181818182,0.136363636363636,0.0228590508357038
"Other",4.547,96.735,7.12,2,0,4,3,3,0,0.316,0,1,0.181818181818182,0.136363636363636,0.0228590508357038
"Other",4.547,96.735,7.12,2,0,4,3,3,0,0.316,0,1,0.181818181818182,0.136363636363636,0.0228590508357038
"Other",4.547,96.735,7.12,2,0,4,3,3,0,0.316,0,1,0.181818181818182,0.136363636363636,0.0228590508357038
"Other",4.547,96.735,7.12,2,0,4,3,3,0,0.316,0,1,0.181818181818182,0.136363636363636,0.0228590508357038
"Other",4.547,96.735,7.12,2,0,4,3,3,0,0.316,0,1,0.181818181818182,0.136363636363636,0.0228590508357038
"Other",4.547,96.735,7.12,2,0,4,3,3,0,0.316,0,1,0.181818181818182,0.136363636363636,0.0228590508357038
"Other",4.547,96.735,7.12,2,0,4,3,3,0,0.316,0,1,0.181818181818182,0.136363636363636,0.0228590508357038
"Other",4.547,96.735,7.12,2,0,4,3,3,0,0.316,0,1,0.181818181818182,0.136363636363636,0.0228590508357038
"Other",4.547,96.735,7.12,2,0,4,3,3,0,0.316,0,1,0.181818181818182,0.136363636363636,0.0228590508357038
"G.Quadruplex",4.547,96.735,7.12,2,0,4,3,3,0,0.316,0,1,0.181818181818182,0.136363636363636,0.0228590508357038
"mRNA",4.547,96.735,7.12,2,0,4,3,3,0,0.316,0,1,0.181818181818182,0.136363636363636,0.0228590508357038
"G.Quadruplex",4.547,96.735,7.12,2,0,4,3,3,0,0.316,0,1,0.181818181818182,0.136363636363636,0.0228590508357038
"G.Quadruplex",4.547,96.735,7.12,2,0,4,3,3,0,0.316,0,1,0.181818181818182,0.136363636363636,0.0228590508357038
"G.Quadruplex",4.547,96.735,7.12,2,0,4,3,3,0,0.316,0,1,0.181818181818182,0.136363636363636,0.0228590508357038
"G.Quadruplex",4.547,96.735,7.12,2,0,4,3,3,0,0.316,0,1,0.181818181818182,0.136363636363636,0.0228590508357038
"G.Quadruplex",4.547,96.735,7.12,2,0,4,3,3,0,0.316,0,1,0.181818181818182,0.136363636363636,0.0228590508357038
"G.Quadruplex",4.547,96.735,7.12,2,0,4,3,3,0,0.316,0,1,0.181818181818182,0.136363636363636,0.0228590508357038
"G.Quadruplex",4.547,96.735,7.12,2,0,4,3,3,0,0.316,0,1,0.181818181818182,0.136363636363636,0.0228590508357038
"G.Quadruplex",4.547,96.735,7.12,2,0,4,3,3,0,0.316,0,1,0.181818181818182,0.136363636363636,0.0228590508357038
"G.Quadruplex",4.547,96.735,7.12,2,0,4,3,3,0,0.316,0,1,0.181818181818182,0.136363636363636,0.0228590508357038
"G.Quadruplex",4.547,96.735,7.12,2,0,4,3,3,0,0.316,0,1,0.181818181818182,0.136363636363636,0.0228590508357038
"miRNA",6.679,209.22,152.13,6,4,12,6,5,1,0.475,2,0.833333333333333,0.230769230769231,0.230769230769231,0.215502343001876
"miRNA",6.679,209.22,152.13,6,4,12,6,5,1,0.475,2,0.833333333333333,0.230769230769231,0.230769230769231,0.215502343001876
"miRNA",6.679,209.22,152.13,6,4,12,6,5,1,0.475,2,0.833333333333333,0.230769230769231,0.230769230769231,0.215502343001876
"Other",6.679,209.22,152.13,6,4,12,6,5,1,0.475,2,0.833333333333333,0.230769230769231,0.230769230769231,0.215502343001876
"tRNA",6.679,209.22,152.13,6,4,12,6,5,1,0.475,2,0.833333333333333,0.230769230769231,0.230769230769231,0.215502343001876
"miRNA",6.679,209.22,152.13,6,4,12,6,5,1,0.475,2,0.833333333333333,0.230769230769231,0.230769230769231,0.215502343001876
"miRNA",6.679,209.22,152.13,6,4,12,6,5,1,0.475,2,0.833333333333333,0.230769230769231,0.230769230769231,0.215502343001876
"Other",6.679,209.22,152.13,6,4,12,6,5,1,0.475,2,0.833333333333333,0.230769230769231,0.230769230769231,0.215502343001876
"tRNA",6.679,209.22,152.13,6,4,12,6,5,1,0.475,2,0.833333333333333,0.230769230769231,0.230769230769231,0.215502343001876
"miRNA",6.679,209.22,152.13,6,4,12,6,5,1,0.475,2,0.833333333333333,0.230769230769231,0.230769230769231,0.215502343001876
"Repeat.RNA",5.224,94.884,15.6,2,0,1,3,2,1,0.118,1,0.666666666666667,0.0476190476190476,0.19047619047619,0.0495488198805111
"Repeat.RNA",5.224,94.884,15.6,2,0,1,3,2,1,0.118,1,0.666666666666667,0.0476190476190476,0.19047619047619,0.0495488198805111
"Repeat.RNA",5.224,94.884,15.6,2,0,1,3,2,1,0.118,1,0.666666666666667,0.0476190476190476,0.19047619047619,0.0495488198805111
"Repeat.RNA",5.224,94.884,15.6,2,0,1,3,2,1,0.118,1,0.666666666666667,0.0476190476190476,0.19047619047619,0.0495488198805111
"Repeat.RNA",5.224,94.884,15.6,2,0,1,3,2,1,0.118,1,0.666666666666667,0.0476190476190476,0.19047619047619,0.0495488198805111
"Repeat.RNA",5.224,94.884,15.6,2,0,1,3,2,1,0.118,1,0.666666666666667,0.0476190476190476,0.19047619047619,0.0495488198805111
"Repeat.RNA",5.224,94.884,15.6,2,0,1,3,2,1,0.118,1,0.666666666666667,0.0476190476190476,0.19047619047619,0.0495488198805111
"Repeat.RNA",5.224,94.884,15.6,2,0,1,3,2,1,0.118,1,0.666666666666667,0.0476190476190476,0.19047619047619,0.0495488198805111
"Repeat.RNA",4.061,75.499,25.78,3,0,3,3,3,0,0.067,0,1,0.157894736842105,0.210526315789474,0.0953642188124233
"Repeat.RNA",4.061,75.499,25.78,3,0,3,3,3,0,0.067,0,1,0.157894736842105,0.210526315789474,0.0953642188124233
"Repeat.RNA",4.061,75.499,25.78,3,0,3,3,3,0,0.067,0,1,0.157894736842105,0.210526315789474,0.0953642188124233
"Repeat.RNA",4.061,75.499,25.78,3,0,3,3,3,0,0.067,0,1,0.157894736842105,0.210526315789474,0.0953642188124233
"Repeat.RNA",4.061,75.499,25.78,3,0,3,3,3,0,0.067,0,1,0.157894736842105,0.210526315789474,0.0953642188124233
"Repeat.RNA",4.061,75.499,25.78,3,0,3,3,3,0,0.067,0,1,0.157894736842105,0.210526315789474,0.0953642188124233
"Repeat.RNA",4.061,75.499,25.78,3,0,3,3,3,0,0.067,0,1,0.157894736842105,0.210526315789474,0.0953642188124233
"Repeat.RNA",4.061,75.499,25.78,3,0,3,3,3,0,0.067,0,1,0.157894736842105,0.210526315789474,0.0953642188124233
"Repeat.RNA",4.349,71.874,12.89,1,0,1,3,3,0,0.062,0,1,0.0555555555555556,0.111111111111111,0.0543246922373429
"Repeat.RNA",4.349,71.874,12.89,1,0,1,3,3,0,0.062,0,1,0.0555555555555556,0.111111111111111,0.0543246922373429
"Repeat.RNA",4.349,71.874,12.89,1,0,1,3,3,0,0.062,0,1,0.0555555555555556,0.111111111111111,0.0543246922373429
"Repeat.RNA",4.349,71.874,12.89,1,0,1,3,3,0,0.062,0,1,0.0555555555555556,0.111111111111111,0.0543246922373429
"Repeat.RNA",4.349,71.874,12.89,1,0,1,3,3,0,0.062,0,1,0.0555555555555556,0.111111111111111,0.0543246922373429
"Repeat.RNA",4.349,71.874,12.89,1,0,1,3,3,0,0.062,0,1,0.0555555555555556,0.111111111111111,0.0543246922373429
"Repeat.RNA",4.349,71.874,12.89,1,0,1,3,3,0,0.062,0,1,0.0555555555555556,0.111111111111111,0.0543246922373429
"Repeat.RNA",4.349,71.874,12.89,1,0,1,3,3,0,0.062,0,1,0.0555555555555556,0.111111111111111,0.0543246922373429
"mRNA",1.031,143.58,68.39,6,3,7,5,3,2,0.5,0,0.6,0.194444444444444,0.222222222222222,0.138815591838723
"mRNA",1.031,143.58,68.39,6,3,7,5,3,2,0.5,0,0.6,0.194444444444444,0.222222222222222,0.138815591838723
"mRNA",1.031,143.58,68.39,6,3,7,5,3,2,0.5,0,0.6,0.194444444444444,0.222222222222222,0.138815591838723
"Other",1.031,143.58,68.39,6,3,7,5,3,2,0.5,0,0.6,0.194444444444444,0.222222222222222,0.138815591838723
"Repeat.RNA",1.031,143.58,68.39,6,3,7,5,3,2,0.5,0,0.6,0.194444444444444,0.222222222222222,0.138815591838723
"Repeat.RNA",1.031,143.58,68.39,6,3,7,5,3,2,0.5,0,0.6,0.194444444444444,0.222222222222222,0.138815591838723
"Repeat.RNA",1.031,143.58,68.39,6,3,7,5,3,2,0.5,0,0.6,0.194444444444444,0.222222222222222,0.138815591838723
"Other",1.031,143.58,68.39,6,3,7,5,3,2,0.5,0,0.6,0.194444444444444,0.222222222222222,0.138815591838723
"Repeat.RNA",1.031,143.58,68.39,6,3,7,5,3,2,0.5,0,0.6,0.194444444444444,0.222222222222222,0.138815591838723
"G.Quadruplex",0.966,135.25,201.25,11,3,4,7,3,4,0.077,2,0.428571428571429,0.1,0.35,0.373072074744179
"G.Quadruplex",0.966,135.25,201.25,11,3,4,7,3,4,0.077,2,0.428571428571429,0.1,0.35,0.373072074744179
"Other",0.966,135.25,201.25,11,3,4,7,3,4,0.077,2,0.428571428571429,0.1,0.35,0.373072074744179
"Other",0.966,135.25,201.25,11,3,4,7,3,4,0.077,2,0.428571428571429,0.1,0.35,0.373072074744179
"Other",1.722,142.131,133.3,10,1,5,6,5,1,0.192,1,0.833333333333333,0.135135135135135,0.297297297297297,0.260059503487295
"Other",1.916,146.733,133.3,10,1,6,6,5,1,0.222,1,0.833333333333333,0.157894736842105,0.289473684210526,0.253132346629903
"Other",1.916,146.733,133.3,10,1,6,6,5,1,0.222,1,0.833333333333333,0.157894736842105,0.289473684210526,0.253132346629903
"Other",0.079,170.806,140.98,11,2,7,7,5,2,0.323,2,0.714285714285714,0.159090909090909,0.295454545454545,0.230460397690492
"Other",0.469,175.423,140.98,11,2,8,7,5,2,0.344,2,0.714285714285714,0.177777777777778,0.288888888888889,0.225294402477631
"HCV.IRES",3.5,184.561,133,9,4,13,5,4,1,0.324,1,0.8,0.282608695652174,0.260869565217391,0.212878339228836
"HCV.IRES",3.5,184.561,133,9,4,13,5,4,1,0.324,1,0.8,0.282608695652174,0.260869565217391,0.212878339228836
"Other",3.5,184.561,133,9,4,13,5,4,1,0.324,1,0.8,0.282608695652174,0.260869565217391,0.212878339228836
"HCV.IRES",-0.883,123.144,105.1,7,4,11,3,2,1,0.619,0,0.666666666666667,0.354838709677419,0.32258064516129,0.242964771264041
"HCV.IRES",-0.883,123.144,105.1,7,4,11,3,2,1,0.619,0,0.666666666666667,0.354838709677419,0.32258064516129,0.242964771264041
"Other",-0.883,123.144,105.1,7,4,11,3,2,1,0.619,0,0.666666666666667,0.354838709677419,0.32258064516129,0.242964771264041
"HCV.IRES",2.761,173.333,167.65,9,6,15,5,3,2,0.467,2,0.6,0.340909090909091,0.318181818181818,0.269197913856668
"HCV.IRES",2.761,173.333,167.65,9,6,15,5,3,2,0.467,2,0.6,0.340909090909091,0.318181818181818,0.269197913856668
"Other",2.761,173.333,167.65,9,6,15,5,3,2,0.467,2,0.6,0.340909090909091,0.318181818181818,0.269197913856668
"HCV.IRES",2.447,188.716,170.89,10,6,15,6,3,3,0.515,2,0.5,0.3125,0.3125,0.252103691639522
"Other",2.447,188.716,170.89,10,6,15,6,3,3,0.515,2,0.5,0.3125,0.3125,0.252103691639522
"miRNA",6.606,121.038,53.17,2,2,6,4,2,2,0.48,1,0.5,0.206896551724138,0.137931034482759,0.135790519436407
"miRNA",6.606,121.038,53.17,2,2,6,4,2,2,0.48,1,0.5,0.206896551724138,0.137931034482759,0.135790519436407
"Other",6.606,121.038,53.17,2,2,6,4,2,2,0.48,1,0.5,0.206896551724138,0.137931034482759,0.135790519436407
"tRNA",6.606,121.038,53.17,2,2,6,4,2,2,0.48,1,0.5,0.206896551724138,0.137931034482759,0.135790519436407
"HIV.TAR",6.606,121.038,53.17,2,2,6,4,2,2,0.48,1,0.5,0.206896551724138,0.137931034482759,0.135790519436407
"Other",6.606,121.038,53.17,2,2,6,4,2,2,0.48,1,0.5,0.206896551724138,0.137931034482759,0.135790519436407
"Other",6.606,121.038,53.17,2,2,6,4,2,2,0.48,1,0.5,0.206896551724138,0.137931034482759,0.135790519436407
"Other",6.606,121.038,53.17,2,2,6,4,2,2,0.48,1,0.5,0.206896551724138,0.137931034482759,0.135790519436407
"miRNA",4.596,98.963,53.17,2,2,3,4,3,1,0.15,0,0.75,0.125,0.166666666666667,0.167521550637697
"miRNA",4.867,99.949,53.17,2,2,7,3,2,1,0.35,0,0.666666666666667,0.291666666666667,0.166666666666667,0.164389067524116
"Riboswitch",2.463,104.247,78.95,4,0,4,4,2,2,0.238,0,0.5,0.148148148148148,0.222222222222222,0.21966617419152
"Other",2.463,104.247,78.95,4,0,4,4,2,2,0.238,0,0.5,0.148148148148148,0.222222222222222,0.21966617419152
"Other",1.976,120.891,69,4,1,3,5,4,1,0.417,0,0.8,0.0967741935483871,0.225806451612903,0.16525481574088
"Other",-2.265,183.452,165.3,6,9,9,7,4,3,0.167,2,0.571428571428571,0.1875,0.25,0.257178596766364
"Other",-2.265,183.452,165.3,6,9,9,7,4,3,0.167,2,0.571428571428571,0.1875,0.25,0.257178596766364
"Other",-2.265,183.452,165.3,6,9,9,7,4,3,0.167,2,0.571428571428571,0.1875,0.25,0.257178596766364
"Other",-2.265,183.452,165.3,6,9,9,7,4,3,0.167,2,0.571428571428571,0.1875,0.25,0.257178596766364
"Other",-2.265,183.452,165.3,6,9,9,7,4,3,0.167,2,0.571428571428571,0.1875,0.25,0.257178596766364
"Other",-2.265,183.452,165.3,6,9,9,7,4,3,0.167,2,0.571428571428571,0.1875,0.25,0.257178596766364
"HCV.IRES",-2.265,183.452,165.3,6,9,9,7,4,3,0.167,2,0.571428571428571,0.1875,0.25,0.257178596766364
"Repeat.RNA",-2.265,183.452,165.3,6,9,9,7,4,3,0.167,2,0.571428571428571,0.1875,0.25,0.257178596766364
"HCV.IRES",-2.265,183.452,165.3,6,9,9,7,4,3,0.167,2,0.571428571428571,0.1875,0.25,0.257178596766364
"Other",-2.265,183.452,165.3,6,9,9,7,4,3,0.167,2,0.571428571428571,0.1875,0.25,0.257178596766364
"HCV.IRES",-2.265,183.452,165.3,6,9,9,7,4,3,0.167,2,0.571428571428571,0.1875,0.25,0.257178596766364
"Other",-2.265,183.452,165.3,6,9,9,7,4,3,0.167,2,0.571428571428571,0.1875,0.25,0.257178596766364
"Other",0.719,156.551,110.2,4,6,7,6,4,2,0.125,2,0.666666666666667,0.175,0.2,0.207676883414494
"HCV.IRES",0.719,156.551,110.2,4,6,7,6,4,2,0.125,2,0.666666666666667,0.175,0.2,0.207676883414494
"Repeat.RNA",0.719,156.551,110.2,4,6,7,6,4,2,0.125,2,0.666666666666667,0.175,0.2,0.207676883414494
"HCV.IRES",0.719,156.551,110.2,4,6,7,6,4,2,0.125,2,0.666666666666667,0.175,0.2,0.207676883414494
"Other",0.719,156.551,110.2,4,6,7,6,4,2,0.125,2,0.666666666666667,0.175,0.2,0.207676883414494
"Other",1.674,105.497,93.15,3,5,4,3,2,1,0.1,0,0.666666666666667,0.148148148148148,0.259259259259259,0.254216472899951
