Assay Target(s),count
(5'CAG/3'GAC)x6 RNA,20
(5'CAG/3'GUC)x6 RNA,20
Self-Splicing Group I Intron (Ca.LSU),13
(5'CAG/3'GAC)x20 RNA,12
Mixture of RNAs,9
5′CAG/3′GAC internal loop,9
A10-RNA-WT QGRS in ADAM10 mRNA,8
r(CUG)12-MBNL1 Complex,8
r(CCUG)8-MBNL1 complex,8
Influenza RNA Promoter,7
Bimolecular triplex construct (ENE-tail MALAT1 triplex),7
r(AU)6,6
r(CGG)6,6
5'r(CCGCAGCGG)3' containing one AA loop,6
Synthetic TSL2 RNA,5
FUBP1 protein,5
r(CGG)40,5
r(CGG)60,5
r(CGG)1,5
r(CGG)20,5
(5'CAG/3'GAC)x1 RNA,5
(5'CAG/3'GAC)x6 DNA,5
DDPAC MAPT A Bulge,4
r(CGG)12,4
r(CUG)12,4
tRNA,4
U1 snRNP:SMN2 pre-mRNA Complex,4
SARS-Pseudoknot,4
Hairpin DNA,4
5'CAG/3'GUC x 6 repeat RNA,4
ai5γ group II intron ribozyme,4
r(CAG)6,4
r(CCG)6,4
r(CUG)6,4
Liver microsomes from SD rats,3
Brain microsomes from SD Rats,3
Liver microsomes from C57 mice,3
Brain microsomes from C57 mice,3
Liver microsomes from R6/2 mice,3
Brain microsomes from R6/2 mice,3
Bcl-X-681 pre-mRNA,3
CUG x 50 repeat RNA,3
5'CAG/3'GUC internal loop,3
hnRNP A1 protein,3
"SMN2 intron 6, exon 7, and intron 7",3
U1 snRNA:E7 5' SS duplex,3
NHP2L1 protein,3
RpoH σ32mRNA factor,3
r(CUG)16,3
r(CCUG)8,3
Full length ai5γ group II intron ribozyme,3
r(AU)1,3
(5'CAG/3'GAC)x1 DNA,3
(5'CAG/3'GUC)x6 DNA,3
5'UUA3'/3'A_U5' ,3
A10-RNA-WT QGRS in ADAM10 mRNA Mutant,2
Hairpin,2
r(GGCC)4,2
Hairpin Conformation of r(GGGGCC)8,2
r(GGGGCC)8,2
5'CAG/3'GAC,2
r(CAG)12-MBNL1 Complex,2
BSA,2
Serotonin receptor 2C (HTR2c) pre-mRNA 200 nt,2
SMN2 pre-mRNA:U1 snRNA,2
hERG,2
SARS-Pseudoknot Construct,2
Mutated Bcl-X-681 pre-mRNA,2
CUG x 12 repeat RNA,2
CUG x 23 repeat RNA,2
CUG x 3 repeat RNA,2
RNA Hairpin,2
TSL2,2
KHSRP protein,2
SMN2 pre-mRNA,2
SMN2 exon 7 ESE2,2
U1 snRNA:E7 5' SS duplex:U1-C zinc finger protein,2
SMN2 exon 7 ESE2:hnRNP G RRM peptide,2
U4 5′SL RNA,2
Cy5-U4 5′SL RNA:His-NHP2L1 protein,2
U4 5′SL RNA:NHP2L1 protein,2
"σ32 mRNA, 5' end",2
r(CUG)4,2
Malat1 minimal triple helix motif,2
Unimolecular MALAT1 triple helix,2
Duplex stem [r(GUCGCCGGGGCCGGGCGAC)2],2
(5'CAG/3'GUC)x1 RNA,2
ctDNA,2
(5'CCG/3'GCC)x6 RNA,2
(5'CUG/3'GUC)x6 RNA,2
(5'CAG/3'GUC)x20 RNA,2
NRAS RNA mutant,2
ds26 RNA,2
HP20 hairpin RNA,2
DNA Hairpin,2
"C9ALS/FTD-associated GGGGCC repeats (GGGGCC70), for all three reading frames (GA, GP and GR)",2
5'GCU3'/3'C_A5' ,2
Fully paired RNA ,2
Mixture of Kinases,2
"impX RFN Element, F. nucleatum",1
DDPAC + I17T Mutant,1
MAPT A WT,1
DDPAC MAPT Mutant,1
Non-Structured RNA,1
Hairpin-Stem RNA,1
Stem-Loop RNA,1
Double-Stranded RNA,1
C1 Hairpin Cassette,1
5'CGG/3'GGC Loop,1
"r(CGG)12-DGCR8Δ Complex, 5 µM tRNA",1
r(CGG)12-DGCR8Δ Complex,1
"r(CGG)12-DGCR8Δ Complex, 62-fold Excess tRNA",1
"5'CUG/3'GUC, DM1 Motif",1
Fully Paired RNA,1
r(CUG)10,1
MBNL1,1
r(CAG)12,1
1 X 1 UU Hairpin,1
AU Stem,1
r(CCGCUGCGG)2,1
r(CCUG)12-MBNL1 Complex,1
r(CGG)12-MBNL1 Complex,1
Dicer UA Hairpin,1
DNA 650 Basepair,1
Drosha UU Hairpin,1
Dicer UU Hairpin,1
Drosha UA Hairpin,1
AT Hairpin DNA,1
GC Stem Loop,1
5' CUG/3' GUC Internal Loop,1
Serotonin Receptor 2C (HTR2c) pre-mRNA 200 nt,1
dsRNA GC,1
PolyU RNA,1
dsRNA AU,1
dsRNA A18 and U18,1
ssRNA U18,1
FMDV IRES RNA,1
"FMDV IRES RNA, SL3A",1
-,1
HTLV-1 Gag-Pro (GP) FSS RNA,1
HTLV-1 Pro-Pol (PP) FSS RNA,1
SIV FSS RNA,1
r(CAG)7,1
Plasma from C57 mice,1
Brain from C57 mice,1
Plasma from R6/2 mice,1
Brain from R6/2 mice,1
RNA-Dependent DNA Polymerase,1
"HTT exon1, 47 CAG repeats",1
"HTT exon1 RNA, 48 repeats",1
"HTT exon1 RNA, 18 repeats",1
CAG x 10 repeat RNA,1
HTT exon1 RNA:MID1 protein,1
HTT exon1 RNA-binding proteins,1
JEV Translational Frameshift Site RNA 3,1
JEV Translational Frameshift Site RNA 1,1
JEV Translational Frameshift Site RNA 2,1
Biotin-Binding Pseudoknot,1
PEMV-Pseudoknot,1
SARS-Pseudoknot Mutant,1
GGU/A_C Bulge Mutant,1
GAU/CUA Stem Mutant,1
Topoisomerase,1
SL3 RNA dimer,1
Gag protein:SL3 RNA,1
SL3 RNA,1
Δp1 SL3 RNA,1
DNA Duplex,1
Bcl-X-681:Spliceosome,1
5′CAG/3′GAC x 3 repeat RNA,1
5′CAG/3′GAC x 2 repeat RNA,1
5′CAG/3′GAC x 4 repeat RNA,1
5′CAG/3′GAC x 5 repeat RNA,1
5′CAG/3′GAC x 33 repeat RNA,1
5′CAG/3′GAC x 6 repeat RNA,1
Duplex DNA,1
5′CAG/3′GAC DNA internal loop,1
5'CAG/3'GAC x 6 repeat DNA,1
5'CAG/3'GUC x 6 DNA,1
KRAS mRNA,1
Unrelated RNA structure,1
Denatured TSL2 RNA,1
Mutated TSL2,1
"Oligo-4, an AGGAAG-containing RNA 15-mer",1
"Oligo-7, an AAGGAG-containing RNA 15-mer",1
"Oligo-1, a pyrimidine-rich RNA 15-mer",1
"Oligo-2, an RNA 15-mer",1
"Oligo-3, a purine-rich RNA 15-mer",1
"Oligo-5, an RNA 15-mer",1
"Oligo-6, an RNA 15-mer",1
"hnRNP A1 protein:Oligo-4, an AGGAAG-containing RNA 15-mer",1
"hnRNP A1 protein:SMN2 intron 6, exon 7, and intron 7",1
"FUBP1 protein:Oligo-4, an AGGAAG-containing RNA 15-mer",1
"FUBP1 protein:SMN2 intron 6, exon 7, and intron 7",1
FUBP1 protein:500-nt SMN2 exon 7 RNA,1
SMN2 E7 Splicing Complex,1
SMN2 E7 pre-mRNA fragment:U1 snRNP,1
SMN2 E7 Splicing Complex with RNA fragment A-1C mutant,1
SMN2 exon 7 (containing ESE2),1
STRN3 exon 8,1
U1 snRNP : 5' SS,1
A-1G mutant U1 snRNA:E7 5' SS duplex,1
A-1C mutant U1 snRNA:E7 5' SS duplex,1
A-1U mutant U1 snRNA:E7 5' SS duplex,1
SMN2 exon 7 ESE1,1
SMN2 exon 7 ESE3,1
SMN2 exon 7 ESE3 TSL2,1
SMN2 antisense TSL2,1
SMN2 intron 7 ISS-N2,1
SMN2 intron 7 TSTL4/6,1
SMN2 intron 7 c,1
SMN2 intron 7 TSL7,1
"SMN2 ""GA"" motif",1
"SMN2 ""GU"" motif",1
SMN-C6 protein targets,1
RNase-sensitive SMN-C6 protein targets,1
SMN2 mRNA,1
STRN3 mRNA,1
ESE2-dependent SMN-C6 protein targets,1
SMN2 exon 7 ESE2:Tra2-β1 RRM,1
SMN2 ESE2:hnRNP G RRM peptide,1
SMN2 ESE2:Tra2-β1 protein,1
SMN2 ESE2:SRSF9 protein,1
SMN2 pre-mRNA:U1 snRNA:U1-C zinc finger domain,1
TRF2 protein,1
Mutant TERRA,1
TRF2:Telomeric duplex DNA (hTELO-dup),1
U4 5′SL RNA:His-NHP2L1 protein,1
r(CUG)12-MBNL1 complex; excess tRNA,1
r(CUG)12-MBNL1 complex,1
d(CTG/CAG)74,1
(CTG*CAG)74,1
cTNT32,1
(CTG/CAG)74,1
[r(CUG)6]2,1
cTNT,1
GST-MBNL1,1
d(CAG)12,1
d(CTG/CAG)12,1
d(CTG)12,1
r(CUG)12-MBNL1,1
r(CUG)26-MBNL1 complex,1
r(CUG)10-MBNL1 complex,1
Unimolecular MALAT1 triple helix construct,1
r(G2C4)8 (antisense),1
r(UG3C2)8,1
Fully base paired RNA [r(G2C2)8],1
Full length ai5γ group II intron ribozyme + 1000-fold excess D1,1
Full length ai5γ group II intron ribozyme + 1000-fold excess D3,1
Full length ai5γ group II intron ribozyme + 1000-fold excess D56,1
Full length ai5γ group II intron ribozyme + 1000-fold excess yeast tRNA Phe,1
Full length ai5γ group II intron ribozyme + 1000-fold excess U2-U6 RNA oligo,1
Full length ai5γ group II intron ribozyme + 1000-fold excess unlabeled ai5γ intron with short exons,1
Azoarcus pre-tRNA (Ile) group I intron37,1
yeast tRNA,1
r(CGG)2,1
r(CGG)3,1
r(CGG)4,1
cymc DNA,1
Bcl-2 DNA,1
CT DNA,1
HSA,1
thrombin,1
Vitamin C,1
ss20 RNA,1
ss16 RNA,1
Lys,1
Met,1
Phe,1
Pro,1
Ser,1
ss23 RNA,1
ds18 RNA,1
tRNA Val tRNA fragments,1
total RNA extracted from Huh7 cells,1
calf thymus DNA,1
Cys,1
Gln,1
Gly,1
His,1
adenosine,1
cyt c ,1
HRP,1
ss22 RNA,1
ds17 RNA,1
sperm DNA,1
cell lysate,1
Arg,1
GSH,1
Heparin,1
NLuc reporter mRNA lacking any repeat element and translated using a canonical AUG start codon (AUG-NLuc),1
"FXTAS-associated CGG repeats, +1CGGx100 RAN translation nanoluciferase (NLuc) reporter mRNA",1
"FXTAS-associated CGG repeats, +2CGGx100 RAN translation nanoluciferase (NLuc) reporter mRNA (translation occurs in the +2 reading frame)",1
"FXTAS-associated RAN CGG repeats (+1CGG100, +2CGG100) and AUG-initiated repeats (AUG +1CGG100, AUG +2CGG100)",1
ACG-NLuc and CUG-NLuc,1
CGG×16,1
GGGGCC×8,1
5' Irdye 800CW-labeled CGGx16 RNAs,1
212–300 nt HOTAIR,1
TAR/Tat complex,1
5'SLA RNA fragment Dengue-II virus,1
Lys3 tRNA,1
Purified Total RNA,1
Purified gDNA,1
Plasmid DNA,1
5'GAU3'/3'C_A5',1
5'UCUAU3'/3'ACCA5' (non-binder),1
5'UCUAU3'/3'ACCA5',1
